Model,Training set size (s),replicate_num,Loss,variable,value,Post-processing,Metric
TweetyNet,1800.0,1,CE,character_error_rate,6.06284439563751,False,Character Error Rate (%)
TweetyNet,1800.0,2,CE,character_error_rate,8.03801789879798,False,Character Error Rate (%)
TweetyNet,1800.0,3,CE,character_error_rate,10.7259415090084,False,Character Error Rate (%)
TweetyNet,1800.0,4,CE,character_error_rate,7.924132794141769,False,Character Error Rate (%)
TweetyNet,1800.0,5,CE,character_error_rate,14.606581628322601,False,Character Error Rate (%)
TweetyNet,1800.0,1,CE+TMSE,character_error_rate,3.1619586050510398,False,Character Error Rate (%)
TweetyNet,1800.0,2,CE+TMSE,character_error_rate,3.24452370405197,False,Character Error Rate (%)
TweetyNet,1800.0,3,CE+TMSE,character_error_rate,3.01024168729782,False,Character Error Rate (%)
TweetyNet,1800.0,4,CE+TMSE,character_error_rate,3.08430306613445,False,Character Error Rate (%)
TweetyNet,1800.0,5,CE+TMSE,character_error_rate,4.36965785920619,False,Character Error Rate (%)
TweetyNet,1800.0,1,CE+gsTMSE,character_error_rate,4.30114045739173,False,Character Error Rate (%)
TweetyNet,1800.0,2,CE+gsTMSE,character_error_rate,5.02262450754642,False,Character Error Rate (%)
TweetyNet,1800.0,3,CE+gsTMSE,character_error_rate,3.84868532419204,False,Character Error Rate (%)
TweetyNet,1800.0,4,CE+gsTMSE,character_error_rate,3.4773975610732997,False,Character Error Rate (%)
TweetyNet,1800.0,5,CE+gsTMSE,character_error_rate,4.2108919471502295,False,Character Error Rate (%)
ConvTemporalConvNet,1800.0,1,CE,character_error_rate,14.79384452104568,False,Character Error Rate (%)
ConvTemporalConvNet,1800.0,2,CE,character_error_rate,17.438264191150658,False,Character Error Rate (%)
ConvTemporalConvNet,1800.0,3,CE,character_error_rate,15.878123044967651,False,Character Error Rate (%)
ConvTemporalConvNet,1800.0,4,CE,character_error_rate,16.50107204914093,False,Character Error Rate (%)
ConvTemporalConvNet,1800.0,5,CE,character_error_rate,20.45421153306961,False,Character Error Rate (%)
ConvTemporalConvNet,1800.0,1,CE+TMSE,character_error_rate,11.630779504776,False,Character Error Rate (%)
ConvTemporalConvNet,1800.0,2,CE+TMSE,character_error_rate,11.61910369992256,False,Character Error Rate (%)
ConvTemporalConvNet,1800.0,3,CE+TMSE,character_error_rate,11.932416260242459,False,Character Error Rate (%)
ConvTemporalConvNet,1800.0,4,CE+TMSE,character_error_rate,12.16392591595649,False,Character Error Rate (%)
ConvTemporalConvNet,1800.0,5,CE+TMSE,character_error_rate,13.42130154371261,False,Character Error Rate (%)
ConvTemporalConvNet,1800.0,1,CE+gsTMSE,character_error_rate,13.531273603439331,False,Character Error Rate (%)
ConvTemporalConvNet,1800.0,2,CE+gsTMSE,character_error_rate,12.29165345430374,False,Character Error Rate (%)
ConvTemporalConvNet,1800.0,3,CE+gsTMSE,character_error_rate,9.74978432059288,False,Character Error Rate (%)
ConvTemporalConvNet,1800.0,4,CE+gsTMSE,character_error_rate,11.96843385696411,False,Character Error Rate (%)
ConvTemporalConvNet,1800.0,5,CE+gsTMSE,character_error_rate,11.22232154011726,False,Character Error Rate (%)
TweetyNet,1800.0,1,CE,character_error_rate_tfm,1.39538366347551,True,Character Error Rate (%)
TweetyNet,1800.0,2,CE,character_error_rate_tfm,1.6457760706543902,True,Character Error Rate (%)
TweetyNet,1800.0,3,CE,character_error_rate_tfm,1.49435279890894,True,Character Error Rate (%)
TweetyNet,1800.0,4,CE,character_error_rate_tfm,1.6612563282251298,True,Character Error Rate (%)
TweetyNet,1800.0,5,CE,character_error_rate_tfm,1.77010428160429,True,Character Error Rate (%)
TweetyNet,1800.0,1,CE+TMSE,character_error_rate_tfm,1.16944294422864,True,Character Error Rate (%)
TweetyNet,1800.0,2,CE+TMSE,character_error_rate_tfm,1.29467509686946,True,Character Error Rate (%)
TweetyNet,1800.0,3,CE+TMSE,character_error_rate_tfm,0.9724591858684999,True,Character Error Rate (%)
TweetyNet,1800.0,4,CE+TMSE,character_error_rate_tfm,1.20146023109555,True,Character Error Rate (%)
TweetyNet,1800.0,5,CE+TMSE,character_error_rate_tfm,1.5391519293189,True,Character Error Rate (%)
TweetyNet,1800.0,1,CE+gsTMSE,character_error_rate_tfm,1.1804211884737,True,Character Error Rate (%)
TweetyNet,1800.0,2,CE+gsTMSE,character_error_rate_tfm,1.73642728477716,True,Character Error Rate (%)
TweetyNet,1800.0,3,CE+gsTMSE,character_error_rate_tfm,1.28063457086682,True,Character Error Rate (%)
TweetyNet,1800.0,4,CE+gsTMSE,character_error_rate_tfm,1.31293144077062,True,Character Error Rate (%)
TweetyNet,1800.0,5,CE+gsTMSE,character_error_rate_tfm,1.5779457986354801,True,Character Error Rate (%)
ConvTemporalConvNet,1800.0,1,CE,character_error_rate_tfm,1.70203708112239,True,Character Error Rate (%)
ConvTemporalConvNet,1800.0,2,CE,character_error_rate_tfm,2.2369204089045502,True,Character Error Rate (%)
ConvTemporalConvNet,1800.0,3,CE,character_error_rate_tfm,1.72571130096912,True,Character Error Rate (%)
ConvTemporalConvNet,1800.0,4,CE,character_error_rate_tfm,1.53788765892386,True,Character Error Rate (%)
ConvTemporalConvNet,1800.0,5,CE,character_error_rate_tfm,2.63641495257616,True,Character Error Rate (%)
ConvTemporalConvNet,1800.0,1,CE+TMSE,character_error_rate_tfm,1.6223290935158698,True,Character Error Rate (%)
ConvTemporalConvNet,1800.0,2,CE+TMSE,character_error_rate_tfm,1.43486484885215,True,Character Error Rate (%)
ConvTemporalConvNet,1800.0,3,CE+TMSE,character_error_rate_tfm,1.82896573096513,True,Character Error Rate (%)
ConvTemporalConvNet,1800.0,4,CE+TMSE,character_error_rate_tfm,1.8097884953021999,True,Character Error Rate (%)
ConvTemporalConvNet,1800.0,5,CE+TMSE,character_error_rate_tfm,1.73205155879259,True,Character Error Rate (%)
ConvTemporalConvNet,1800.0,1,CE+gsTMSE,character_error_rate_tfm,1.93158835172653,True,Character Error Rate (%)
ConvTemporalConvNet,1800.0,2,CE+gsTMSE,character_error_rate_tfm,1.80432330816984,True,Character Error Rate (%)
ConvTemporalConvNet,1800.0,3,CE+gsTMSE,character_error_rate_tfm,1.20910238474607,True,Character Error Rate (%)
ConvTemporalConvNet,1800.0,4,CE+gsTMSE,character_error_rate_tfm,1.40458233654499,True,Character Error Rate (%)
ConvTemporalConvNet,1800.0,5,CE+gsTMSE,character_error_rate_tfm,1.73099916428327,True,Character Error Rate (%)
TweetyNet,1800.0,1,CE,precision,93.0871307849884,False,Precision (%)
TweetyNet,1800.0,2,CE,precision,92.1176254749298,False,Precision (%)
TweetyNet,1800.0,3,CE,precision,90.8213436603546,False,Precision (%)
TweetyNet,1800.0,4,CE,precision,91.02349281311037,False,Precision (%)
TweetyNet,1800.0,5,CE,precision,89.05611634254456,False,Precision (%)
TweetyNet,1800.0,1,CE+TMSE,precision,94.0782368183136,False,Precision (%)
TweetyNet,1800.0,2,CE+TMSE,precision,94.7248101234436,False,Precision (%)
TweetyNet,1800.0,3,CE+TMSE,precision,95.2000617980957,False,Precision (%)
TweetyNet,1800.0,4,CE+TMSE,precision,94.86677646636964,False,Precision (%)
TweetyNet,1800.0,5,CE+TMSE,precision,94.0298318862915,False,Precision (%)
TweetyNet,1800.0,1,CE+gsTMSE,precision,94.69667673110962,False,Precision (%)
TweetyNet,1800.0,2,CE+gsTMSE,precision,93.71562600135805,False,Precision (%)
TweetyNet,1800.0,3,CE+gsTMSE,precision,95.03853917121889,False,Precision (%)
TweetyNet,1800.0,4,CE+gsTMSE,precision,95.19632458686827,False,Precision (%)
TweetyNet,1800.0,5,CE+gsTMSE,precision,94.89182829856871,False,Precision (%)
ConvTemporalConvNet,1800.0,1,CE,precision,89.5159363746643,False,Precision (%)
ConvTemporalConvNet,1800.0,2,CE,precision,88.29746842384338,False,Precision (%)
ConvTemporalConvNet,1800.0,3,CE,precision,88.88794779777527,False,Precision (%)
ConvTemporalConvNet,1800.0,4,CE,precision,89.06678557395935,False,Precision (%)
ConvTemporalConvNet,1800.0,5,CE,precision,86.40053272247314,False,Precision (%)
ConvTemporalConvNet,1800.0,1,CE+TMSE,precision,91.26429557800292,False,Precision (%)
ConvTemporalConvNet,1800.0,2,CE+TMSE,precision,90.98802804946901,False,Precision (%)
ConvTemporalConvNet,1800.0,3,CE+TMSE,precision,90.9429371356964,False,Precision (%)
ConvTemporalConvNet,1800.0,4,CE+TMSE,precision,90.8174693584442,False,Precision (%)
ConvTemporalConvNet,1800.0,5,CE+TMSE,precision,90.81128835678099,False,Precision (%)
ConvTemporalConvNet,1800.0,1,CE+gsTMSE,precision,90.10973572731018,False,Precision (%)
ConvTemporalConvNet,1800.0,2,CE+gsTMSE,precision,90.985906124115,False,Precision (%)
ConvTemporalConvNet,1800.0,3,CE+gsTMSE,precision,92.24919080734252,False,Precision (%)
ConvTemporalConvNet,1800.0,4,CE+gsTMSE,precision,91.23655557632446,False,Precision (%)
ConvTemporalConvNet,1800.0,5,CE+gsTMSE,precision,91.32230877876282,False,Precision (%)
TweetyNet,1800.0,1,CE,precision_tfm,95.7053542137146,True,Precision (%)
TweetyNet,1800.0,2,CE,precision_tfm,95.73306441307068,True,Precision (%)
TweetyNet,1800.0,3,CE,precision_tfm,95.19700407981871,True,Precision (%)
TweetyNet,1800.0,4,CE,precision_tfm,95.04256844520567,True,Precision (%)
TweetyNet,1800.0,5,CE,precision_tfm,94.94948387145996,True,Precision (%)
TweetyNet,1800.0,1,CE+TMSE,precision_tfm,95.43935656547546,True,Precision (%)
TweetyNet,1800.0,2,CE+TMSE,precision_tfm,96.08114361763,True,Precision (%)
TweetyNet,1800.0,3,CE+TMSE,precision_tfm,96.42280340194702,True,Precision (%)
TweetyNet,1800.0,4,CE+TMSE,precision_tfm,96.315199136734,True,Precision (%)
TweetyNet,1800.0,5,CE+TMSE,precision_tfm,95.72083950042723,True,Precision (%)
TweetyNet,1800.0,1,CE+gsTMSE,precision_tfm,96.57144546508788,True,Precision (%)
TweetyNet,1800.0,2,CE+gsTMSE,precision_tfm,95.54219841957092,True,Precision (%)
TweetyNet,1800.0,3,CE+gsTMSE,precision_tfm,96.66969776153564,True,Precision (%)
TweetyNet,1800.0,4,CE+gsTMSE,precision_tfm,96.57970070838928,True,Precision (%)
TweetyNet,1800.0,5,CE+gsTMSE,precision_tfm,96.54222726821901,True,Precision (%)
ConvTemporalConvNet,1800.0,1,CE,precision_tfm,96.24454975128174,True,Precision (%)
ConvTemporalConvNet,1800.0,2,CE,precision_tfm,95.63949704170228,True,Precision (%)
ConvTemporalConvNet,1800.0,3,CE,precision_tfm,96.08019590377808,True,Precision (%)
ConvTemporalConvNet,1800.0,4,CE,precision_tfm,96.29767537117004,True,Precision (%)
ConvTemporalConvNet,1800.0,5,CE,precision_tfm,94.27363872528076,True,Precision (%)
ConvTemporalConvNet,1800.0,1,CE+TMSE,precision_tfm,96.52944207191469,True,Precision (%)
ConvTemporalConvNet,1800.0,2,CE+TMSE,precision_tfm,96.1136519908905,True,Precision (%)
ConvTemporalConvNet,1800.0,3,CE+TMSE,precision_tfm,96.53919339179991,True,Precision (%)
ConvTemporalConvNet,1800.0,4,CE+TMSE,precision_tfm,96.2952435016632,True,Precision (%)
ConvTemporalConvNet,1800.0,5,CE+TMSE,precision_tfm,96.77411913871764,True,Precision (%)
ConvTemporalConvNet,1800.0,1,CE+gsTMSE,precision_tfm,95.92791199684144,True,Precision (%)
ConvTemporalConvNet,1800.0,2,CE+gsTMSE,precision_tfm,96.38155698776244,True,Precision (%)
ConvTemporalConvNet,1800.0,3,CE+gsTMSE,precision_tfm,96.83146476745604,True,Precision (%)
ConvTemporalConvNet,1800.0,4,CE+gsTMSE,precision_tfm,96.72174453735352,True,Precision (%)
ConvTemporalConvNet,1800.0,5,CE+gsTMSE,precision_tfm,96.09485268592834,True,Precision (%)
TweetyNet,1800.0,1,CE,recall,96.1001753807068,False,Recall (%)
TweetyNet,1800.0,2,CE,recall,96.35988473892212,False,Recall (%)
TweetyNet,1800.0,3,CE,recall,95.8825945854187,False,Recall (%)
TweetyNet,1800.0,4,CE,recall,95.45661807060242,False,Recall (%)
TweetyNet,1800.0,5,CE,recall,96.02243304252625,False,Recall (%)
TweetyNet,1800.0,1,CE+TMSE,recall,95.76219916343688,False,Recall (%)
TweetyNet,1800.0,2,CE+TMSE,recall,96.38364911079408,False,Recall (%)
TweetyNet,1800.0,3,CE+TMSE,recall,96.62668108940125,False,Recall (%)
TweetyNet,1800.0,4,CE+TMSE,recall,96.49870991706848,False,Recall (%)
TweetyNet,1800.0,5,CE+TMSE,recall,96.2525188922882,False,Recall (%)
TweetyNet,1800.0,1,CE+gsTMSE,recall,96.85062766075134,False,Recall (%)
TweetyNet,1800.0,2,CE+gsTMSE,recall,96.0607409477234,False,Recall (%)
TweetyNet,1800.0,3,CE+gsTMSE,recall,96.91612124443054,False,Recall (%)
TweetyNet,1800.0,4,CE+gsTMSE,recall,96.90784215927124,False,Recall (%)
TweetyNet,1800.0,5,CE+gsTMSE,recall,96.99346423149107,False,Recall (%)
ConvTemporalConvNet,1800.0,1,CE,recall,97.01687097549438,False,Recall (%)
ConvTemporalConvNet,1800.0,2,CE,recall,96.74419164657591,False,Recall (%)
ConvTemporalConvNet,1800.0,3,CE,recall,97.07111120224,False,Recall (%)
ConvTemporalConvNet,1800.0,4,CE,recall,97.2253680229187,False,Recall (%)
ConvTemporalConvNet,1800.0,5,CE,recall,95.7108199596405,False,Recall (%)
ConvTemporalConvNet,1800.0,1,CE+TMSE,recall,97.45870232582092,False,Recall (%)
ConvTemporalConvNet,1800.0,2,CE+TMSE,recall,96.79033160209656,False,Recall (%)
ConvTemporalConvNet,1800.0,3,CE+TMSE,recall,97.676020860672,False,Recall (%)
ConvTemporalConvNet,1800.0,4,CE+TMSE,recall,97.22533226013184,False,Recall (%)
ConvTemporalConvNet,1800.0,5,CE+TMSE,recall,97.6482629776001,False,Recall (%)
ConvTemporalConvNet,1800.0,1,CE+gsTMSE,recall,96.84396982192992,False,Recall (%)
ConvTemporalConvNet,1800.0,2,CE+gsTMSE,recall,97.19489812850952,False,Recall (%)
ConvTemporalConvNet,1800.0,3,CE+gsTMSE,recall,97.5086748600006,False,Recall (%)
ConvTemporalConvNet,1800.0,4,CE+gsTMSE,recall,97.40856289863586,False,Recall (%)
ConvTemporalConvNet,1800.0,5,CE+gsTMSE,recall,96.8990683555603,False,Recall (%)
TweetyNet,1800.0,1,CE,recall_tfm,95.64781785011292,True,Recall (%)
TweetyNet,1800.0,2,CE,recall_tfm,95.83974480628969,True,Recall (%)
TweetyNet,1800.0,3,CE,recall_tfm,95.26784420013428,True,Recall (%)
TweetyNet,1800.0,4,CE,recall_tfm,95.09009718894958,True,Recall (%)
TweetyNet,1800.0,5,CE,recall_tfm,95.43543457984924,True,Recall (%)
TweetyNet,1800.0,1,CE+TMSE,recall_tfm,95.371812582016,True,Recall (%)
TweetyNet,1800.0,2,CE+TMSE,recall_tfm,96.01365327835084,True,Recall (%)
TweetyNet,1800.0,3,CE+TMSE,recall_tfm,96.23319506645204,True,Recall (%)
TweetyNet,1800.0,4,CE+TMSE,recall_tfm,96.29451036453248,True,Recall (%)
TweetyNet,1800.0,5,CE+TMSE,recall_tfm,95.87638974189758,True,Recall (%)
TweetyNet,1800.0,1,CE+gsTMSE,recall_tfm,96.57958149909972,True,Recall (%)
TweetyNet,1800.0,2,CE+gsTMSE,recall_tfm,95.76049447059633,True,Recall (%)
TweetyNet,1800.0,3,CE+gsTMSE,recall_tfm,96.53961658477785,True,Recall (%)
TweetyNet,1800.0,4,CE+gsTMSE,recall_tfm,96.7499852180481,True,Recall (%)
TweetyNet,1800.0,5,CE+gsTMSE,recall_tfm,96.69496417045592,True,Recall (%)
ConvTemporalConvNet,1800.0,1,CE,recall_tfm,96.43790125846864,True,Recall (%)
ConvTemporalConvNet,1800.0,2,CE,recall_tfm,96.17815613746644,True,Recall (%)
ConvTemporalConvNet,1800.0,3,CE,recall_tfm,96.40231728553772,True,Recall (%)
ConvTemporalConvNet,1800.0,4,CE,recall_tfm,96.47496938705444,True,Recall (%)
ConvTemporalConvNet,1800.0,5,CE,recall_tfm,95.37270665168762,True,Recall (%)
ConvTemporalConvNet,1800.0,1,CE+TMSE,recall_tfm,96.89002633094788,True,Recall (%)
ConvTemporalConvNet,1800.0,2,CE+TMSE,recall_tfm,96.40192985534668,True,Recall (%)
ConvTemporalConvNet,1800.0,3,CE+TMSE,recall_tfm,97.13137149810792,True,Recall (%)
ConvTemporalConvNet,1800.0,4,CE+TMSE,recall_tfm,96.73013687133788,True,Recall (%)
ConvTemporalConvNet,1800.0,5,CE+TMSE,recall_tfm,97.16116786003111,True,Recall (%)
ConvTemporalConvNet,1800.0,1,CE+gsTMSE,recall_tfm,96.39586806297302,True,Recall (%)
ConvTemporalConvNet,1800.0,2,CE+gsTMSE,recall_tfm,96.66479229927064,True,Recall (%)
ConvTemporalConvNet,1800.0,3,CE+gsTMSE,recall_tfm,96.98514938354492,True,Recall (%)
ConvTemporalConvNet,1800.0,4,CE+gsTMSE,recall_tfm,97.08572626113892,True,Recall (%)
ConvTemporalConvNet,1800.0,5,CE+gsTMSE,recall_tfm,96.50478959083556,True,Recall (%)
TweetyNet,1800.0,1,CE,fscore,94.51000094413756,False,$F$-score (%)
TweetyNet,1800.0,2,CE,fscore,94.05854940414427,False,$F$-score (%)
TweetyNet,1800.0,3,CE,fscore,93.1437849998474,False,$F$-score (%)
TweetyNet,1800.0,4,CE,fscore,93.11783909797668,False,$F$-score (%)
TweetyNet,1800.0,5,CE,fscore,92.15393662452698,False,$F$-score (%)
TweetyNet,1800.0,1,CE+TMSE,fscore,94.89030838012697,False,$F$-score (%)
TweetyNet,1800.0,2,CE+TMSE,fscore,95.51761150360109,False,$F$-score (%)
TweetyNet,1800.0,3,CE+TMSE,fscore,95.87950706481934,False,$F$-score (%)
TweetyNet,1800.0,4,CE+TMSE,fscore,95.65502405166626,False,$F$-score (%)
TweetyNet,1800.0,5,CE+TMSE,fscore,95.06683349609376,False,$F$-score (%)
TweetyNet,1800.0,1,CE+gsTMSE,fscore,95.73919773101808,False,$F$-score (%)
TweetyNet,1800.0,2,CE+gsTMSE,fscore,94.82542276382446,False,$F$-score (%)
TweetyNet,1800.0,3,CE+gsTMSE,fscore,95.94878554344176,False,$F$-score (%)
TweetyNet,1800.0,4,CE+gsTMSE,fscore,96.02721333503725,False,$F$-score (%)
TweetyNet,1800.0,5,CE+gsTMSE,fscore,95.90935111045836,False,$F$-score (%)
ConvTemporalConvNet,1800.0,1,CE,fscore,92.98285245895386,False,$F$-score (%)
ConvTemporalConvNet,1800.0,2,CE,fscore,92.14707016944884,False,$F$-score (%)
ConvTemporalConvNet,1800.0,3,CE,fscore,92.65477657318117,False,$F$-score (%)
ConvTemporalConvNet,1800.0,4,CE,fscore,92.78349876403807,False,$F$-score (%)
ConvTemporalConvNet,1800.0,5,CE,fscore,90.62041640281676,False,$F$-score (%)
ConvTemporalConvNet,1800.0,1,CE+TMSE,fscore,94.18709874153136,False,$F$-score (%)
ConvTemporalConvNet,1800.0,2,CE+TMSE,fscore,93.67662668228148,False,$F$-score (%)
ConvTemporalConvNet,1800.0,3,CE+TMSE,fscore,94.1125512123108,False,$F$-score (%)
ConvTemporalConvNet,1800.0,4,CE+TMSE,fscore,93.76710653305054,False,$F$-score (%)
ConvTemporalConvNet,1800.0,5,CE+TMSE,fscore,93.95501613616945,False,$F$-score (%)
ConvTemporalConvNet,1800.0,1,CE+gsTMSE,fscore,93.24806332588196,False,$F$-score (%)
ConvTemporalConvNet,1800.0,2,CE+gsTMSE,fscore,93.835186958313,False,$F$-score (%)
ConvTemporalConvNet,1800.0,3,CE+gsTMSE,fscore,94.71786022186281,False,$F$-score (%)
ConvTemporalConvNet,1800.0,4,CE+gsTMSE,fscore,94.04380917549132,False,$F$-score (%)
ConvTemporalConvNet,1800.0,5,CE+gsTMSE,fscore,93.87643933296204,False,$F$-score (%)
TweetyNet,1800.0,1,CE,fscore_tfm,95.6726610660553,True,$F$-score (%)
TweetyNet,1800.0,2,CE,fscore_tfm,95.77797055244446,True,$F$-score (%)
TweetyNet,1800.0,3,CE,fscore_tfm,95.22746801376344,True,$F$-score (%)
TweetyNet,1800.0,4,CE,fscore_tfm,95.05783319473268,True,$F$-score (%)
TweetyNet,1800.0,5,CE,fscore_tfm,95.182603597641,True,$F$-score (%)
TweetyNet,1800.0,1,CE+TMSE,fscore_tfm,95.40078043937685,True,$F$-score (%)
TweetyNet,1800.0,2,CE+TMSE,fscore_tfm,96.04408740997314,True,$F$-score (%)
TweetyNet,1800.0,3,CE+TMSE,fscore_tfm,96.32439613342284,True,$F$-score (%)
TweetyNet,1800.0,4,CE+TMSE,fscore_tfm,96.29724025726318,True,$F$-score (%)
TweetyNet,1800.0,5,CE+TMSE,fscore_tfm,95.79488635063173,True,$F$-score (%)
TweetyNet,1800.0,1,CE+gsTMSE,fscore_tfm,96.57295346260072,True,$F$-score (%)
TweetyNet,1800.0,2,CE+gsTMSE,fscore_tfm,95.63894867897034,True,$F$-score (%)
TweetyNet,1800.0,3,CE+gsTMSE,fscore_tfm,96.6001272201538,True,$F$-score (%)
TweetyNet,1800.0,4,CE+gsTMSE,fscore_tfm,96.66231274604796,True,$F$-score (%)
TweetyNet,1800.0,5,CE+gsTMSE,fscore_tfm,96.61253690719604,True,$F$-score (%)
ConvTemporalConvNet,1800.0,1,CE,fscore_tfm,96.3302493095398,True,$F$-score (%)
ConvTemporalConvNet,1800.0,2,CE,fscore_tfm,95.89440822601318,True,$F$-score (%)
ConvTemporalConvNet,1800.0,3,CE,fscore_tfm,96.23403549194336,True,$F$-score (%)
ConvTemporalConvNet,1800.0,4,CE,fscore_tfm,96.3745892047882,True,$F$-score (%)
ConvTemporalConvNet,1800.0,5,CE,fscore_tfm,94.79576349258424,True,$F$-score (%)
ConvTemporalConvNet,1800.0,1,CE+TMSE,fscore_tfm,96.70288562774658,True,$F$-score (%)
ConvTemporalConvNet,1800.0,2,CE+TMSE,fscore_tfm,96.25166058540344,True,$F$-score (%)
ConvTemporalConvNet,1800.0,3,CE+TMSE,fscore_tfm,96.82497978210448,True,$F$-score (%)
ConvTemporalConvNet,1800.0,4,CE+TMSE,fscore_tfm,96.50058150291444,True,$F$-score (%)
ConvTemporalConvNet,1800.0,5,CE+TMSE,fscore_tfm,96.96191549301147,True,$F$-score (%)
ConvTemporalConvNet,1800.0,1,CE+gsTMSE,fscore_tfm,96.15051746368408,True,$F$-score (%)
ConvTemporalConvNet,1800.0,2,CE+gsTMSE,fscore_tfm,96.50564193725586,True,$F$-score (%)
ConvTemporalConvNet,1800.0,3,CE+gsTMSE,fscore_tfm,96.90353870391846,True,$F$-score (%)
ConvTemporalConvNet,1800.0,4,CE+gsTMSE,fscore_tfm,96.89528942108154,True,$F$-score (%)
ConvTemporalConvNet,1800.0,5,CE+gsTMSE,fscore_tfm,96.29040956497192,True,$F$-score (%)
TweetyNet,1800.0,1,CE,frame_error,1.5477955341339222,False,Frame Error (%)
TweetyNet,1800.0,2,CE,frame_error,1.5596270561218373,False,Frame Error (%)
TweetyNet,1800.0,3,CE,frame_error,1.6612052917480358,False,Frame Error (%)
TweetyNet,1800.0,4,CE,frame_error,1.6537427902221569,False,Frame Error (%)
TweetyNet,1800.0,5,CE,frame_error,1.8036246299743652,False,Frame Error (%)
TweetyNet,1800.0,1,CE+TMSE,frame_error,1.5678167343139648,False,Frame Error (%)
TweetyNet,1800.0,2,CE+TMSE,frame_error,1.5236318111419567,False,Frame Error (%)
TweetyNet,1800.0,3,CE+TMSE,frame_error,1.3972520828247181,False,Frame Error (%)
TweetyNet,1800.0,4,CE+TMSE,frame_error,1.4986217021942028,False,Frame Error (%)
TweetyNet,1800.0,5,CE+TMSE,frame_error,1.635819673538197,False,Frame Error (%)
TweetyNet,1800.0,1,CE+gsTMSE,frame_error,1.477980613708496,False,Frame Error (%)
TweetyNet,1800.0,2,CE+gsTMSE,frame_error,1.6427159309387207,False,Frame Error (%)
TweetyNet,1800.0,3,CE+gsTMSE,frame_error,1.509404182434082,False,Frame Error (%)
TweetyNet,1800.0,4,CE+gsTMSE,frame_error,1.4714002609252819,False,Frame Error (%)
TweetyNet,1800.0,5,CE+gsTMSE,frame_error,1.5208601951599232,False,Frame Error (%)
ConvTemporalConvNet,1800.0,1,CE,frame_error,1.5230298042297363,False,Frame Error (%)
ConvTemporalConvNet,1800.0,2,CE,frame_error,1.6882598400115967,False,Frame Error (%)
ConvTemporalConvNet,1800.0,3,CE,frame_error,1.5762805938720814,False,Frame Error (%)
ConvTemporalConvNet,1800.0,4,CE,frame_error,1.5003085136413574,False,Frame Error (%)
ConvTemporalConvNet,1800.0,5,CE,frame_error,1.8792510032653809,False,Frame Error (%)
ConvTemporalConvNet,1800.0,1,CE+TMSE,frame_error,1.4363467693328746,False,Frame Error (%)
ConvTemporalConvNet,1800.0,2,CE+TMSE,frame_error,1.4775037765502819,False,Frame Error (%)
ConvTemporalConvNet,1800.0,3,CE+TMSE,frame_error,1.4265477657318004,False,Frame Error (%)
ConvTemporalConvNet,1800.0,4,CE+TMSE,frame_error,1.473623514175415,False,Frame Error (%)
ConvTemporalConvNet,1800.0,5,CE+TMSE,frame_error,1.409369707107544,False,Frame Error (%)
ConvTemporalConvNet,1800.0,1,CE+gsTMSE,frame_error,1.619732379913319,False,Frame Error (%)
ConvTemporalConvNet,1800.0,2,CE+gsTMSE,frame_error,1.4429986476898193,False,Frame Error (%)
ConvTemporalConvNet,1800.0,3,CE+gsTMSE,frame_error,1.3788998126983643,False,Frame Error (%)
ConvTemporalConvNet,1800.0,4,CE+gsTMSE,frame_error,1.409381628036499,False,Frame Error (%)
ConvTemporalConvNet,1800.0,5,CE+gsTMSE,frame_error,1.4458954334259033,False,Frame Error (%)
TweetyNet,1800.0,1,CE,frame_error_tfm,1.5934944152832031,True,Frame Error (%)
TweetyNet,1800.0,2,CE,frame_error_tfm,1.609206199645996,True,Frame Error (%)
TweetyNet,1800.0,3,CE,frame_error_tfm,1.6796529293060414,True,Frame Error (%)
TweetyNet,1800.0,4,CE,frame_error_tfm,1.7005562782287598,True,Frame Error (%)
TweetyNet,1800.0,5,CE,frame_error_tfm,1.7441034317016602,True,Frame Error (%)
TweetyNet,1800.0,1,CE+TMSE,frame_error_tfm,1.621145009994518,True,Frame Error (%)
TweetyNet,1800.0,2,CE+TMSE,frame_error_tfm,1.5995979309082031,True,Frame Error (%)
TweetyNet,1800.0,3,CE+TMSE,frame_error_tfm,1.4554738998413197,True,Frame Error (%)
TweetyNet,1800.0,4,CE+TMSE,frame_error_tfm,1.5341401100158802,True,Frame Error (%)
TweetyNet,1800.0,5,CE+TMSE,frame_error_tfm,1.6900897026062012,True,Frame Error (%)
TweetyNet,1800.0,1,CE+gsTMSE,frame_error_tfm,1.4967143535614014,True,Frame Error (%)
TweetyNet,1800.0,2,CE+gsTMSE,frame_error_tfm,1.6702711582183838,True,Frame Error (%)
TweetyNet,1800.0,3,CE+gsTMSE,frame_error_tfm,1.5643715858459584,True,Frame Error (%)
TweetyNet,1800.0,4,CE+gsTMSE,frame_error_tfm,1.490473747253418,True,Frame Error (%)
TweetyNet,1800.0,5,CE+gsTMSE,frame_error_tfm,1.5665292739868164,True,Frame Error (%)
ConvTemporalConvNet,1800.0,1,CE,frame_error_tfm,1.4630556106567383,True,Frame Error (%)
ConvTemporalConvNet,1800.0,2,CE,frame_error_tfm,1.6230881214141846,True,Frame Error (%)
ConvTemporalConvNet,1800.0,3,CE,frame_error_tfm,1.5149354934692383,True,Frame Error (%)
ConvTemporalConvNet,1800.0,4,CE,frame_error_tfm,1.4516651630401611,True,Frame Error (%)
ConvTemporalConvNet,1800.0,5,CE,frame_error_tfm,1.7103850841522217,True,Frame Error (%)
ConvTemporalConvNet,1800.0,1,CE+TMSE,frame_error_tfm,1.4175653457641602,True,Frame Error (%)
ConvTemporalConvNet,1800.0,2,CE+TMSE,frame_error_tfm,1.4457643032073975,True,Frame Error (%)
ConvTemporalConvNet,1800.0,3,CE+TMSE,frame_error_tfm,1.3888299465179443,True,Frame Error (%)
ConvTemporalConvNet,1800.0,4,CE+TMSE,frame_error_tfm,1.4492392539978027,True,Frame Error (%)
ConvTemporalConvNet,1800.0,5,CE+TMSE,frame_error_tfm,1.394730806350719,True,Frame Error (%)
ConvTemporalConvNet,1800.0,1,CE+gsTMSE,frame_error_tfm,1.554262638092041,True,Frame Error (%)
ConvTemporalConvNet,1800.0,2,CE+gsTMSE,frame_error_tfm,1.434469223022461,True,Frame Error (%)
ConvTemporalConvNet,1800.0,3,CE+gsTMSE,frame_error_tfm,1.365649700164795,True,Frame Error (%)
ConvTemporalConvNet,1800.0,4,CE+gsTMSE,frame_error_tfm,1.3875365257263184,True,Frame Error (%)
ConvTemporalConvNet,1800.0,5,CE+gsTMSE,frame_error_tfm,1.4095962047576793,True,Frame Error (%)
