Model,Training set size (s),replicate_num,Window Size,variable,value,Post-processing,Metric
TweetyNet,1800.0,1,64,character_error_rate,40.7522439956665,False,Character Error Rate (%)
TweetyNet,1800.0,2,64,character_error_rate,36.1245334148407,False,Character Error Rate (%)
TweetyNet,1800.0,3,64,character_error_rate,38.819441199302666,False,Character Error Rate (%)
TweetyNet,1800.0,4,64,character_error_rate,42.07898080348968,False,Character Error Rate (%)
TweetyNet,1800.0,5,64,character_error_rate,40.07408320903778,False,Character Error Rate (%)
TweetyNet,1800.0,1,176,character_error_rate,14.76310938596725,False,Character Error Rate (%)
TweetyNet,1800.0,2,176,character_error_rate,15.148486196994778,False,Character Error Rate (%)
TweetyNet,1800.0,3,176,character_error_rate,17.34718382358551,False,Character Error Rate (%)
TweetyNet,1800.0,4,176,character_error_rate,20.24779170751571,False,Character Error Rate (%)
TweetyNet,1800.0,5,176,character_error_rate,16.72814339399337,False,Character Error Rate (%)
TweetyNet,1800.0,1,1000,character_error_rate,11.15815714001655,False,Character Error Rate (%)
TweetyNet,1800.0,2,1000,character_error_rate,13.621777296066279,False,Character Error Rate (%)
TweetyNet,1800.0,3,1000,character_error_rate,8.403940498828879,False,Character Error Rate (%)
TweetyNet,1800.0,4,1000,character_error_rate,11.415258795022961,False,Character Error Rate (%)
TweetyNet,1800.0,5,1000,character_error_rate,10.58755666017532,False,Character Error Rate (%)
TweetyNet,1800.0,1,2000,character_error_rate,6.06284439563751,False,Character Error Rate (%)
TweetyNet,1800.0,2,2000,character_error_rate,8.03801789879798,False,Character Error Rate (%)
TweetyNet,1800.0,3,2000,character_error_rate,10.7259415090084,False,Character Error Rate (%)
TweetyNet,1800.0,4,2000,character_error_rate,7.924132794141769,False,Character Error Rate (%)
TweetyNet,1800.0,5,2000,character_error_rate,14.606581628322601,False,Character Error Rate (%)
TweetyNet,1800.0,1,4000,character_error_rate,7.64403790235519,False,Character Error Rate (%)
TweetyNet,1800.0,2,4000,character_error_rate,6.2976956367492605,False,Character Error Rate (%)
TweetyNet,1800.0,3,4000,character_error_rate,7.77114927768707,False,Character Error Rate (%)
TweetyNet,1800.0,4,4000,character_error_rate,5.051891878247259,False,Character Error Rate (%)
TweetyNet,1800.0,5,4000,character_error_rate,5.672260746359821,False,Character Error Rate (%)
TemporalConvNet,1800.0,1,64,character_error_rate,122.5606918334961,False,Character Error Rate (%)
TemporalConvNet,1800.0,2,64,character_error_rate,115.12748003005979,False,Character Error Rate (%)
TemporalConvNet,1800.0,3,64,character_error_rate,123.27207326889038,False,Character Error Rate (%)
TemporalConvNet,1800.0,4,64,character_error_rate,140.879487991333,False,Character Error Rate (%)
TemporalConvNet,1800.0,5,64,character_error_rate,149.60551261901855,False,Character Error Rate (%)
TemporalConvNet,1800.0,1,176,character_error_rate,69.44382786750793,False,Character Error Rate (%)
TemporalConvNet,1800.0,2,176,character_error_rate,72.72621393203735,False,Character Error Rate (%)
TemporalConvNet,1800.0,3,176,character_error_rate,65.36505818367004,False,Character Error Rate (%)
TemporalConvNet,1800.0,4,176,character_error_rate,70.5789864063263,False,Character Error Rate (%)
TemporalConvNet,1800.0,5,176,character_error_rate,81.91717863082886,False,Character Error Rate (%)
TemporalConvNet,1800.0,1,1000,character_error_rate,28.747224807739258,False,Character Error Rate (%)
TemporalConvNet,1800.0,2,1000,character_error_rate,33.72469246387481,False,Character Error Rate (%)
TemporalConvNet,1800.0,3,1000,character_error_rate,29.59120273590088,False,Character Error Rate (%)
TemporalConvNet,1800.0,4,1000,character_error_rate,35.23164689540863,False,Character Error Rate (%)
TemporalConvNet,1800.0,5,1000,character_error_rate,39.50589895248413,False,Character Error Rate (%)
TemporalConvNet,1800.0,1,2000,character_error_rate,25.196123123168938,False,Character Error Rate (%)
TemporalConvNet,1800.0,2,2000,character_error_rate,29.816630482673638,False,Character Error Rate (%)
TemporalConvNet,1800.0,3,2000,character_error_rate,27.916431427001946,False,Character Error Rate (%)
TemporalConvNet,1800.0,4,2000,character_error_rate,27.305209636688232,False,Character Error Rate (%)
TemporalConvNet,1800.0,5,2000,character_error_rate,31.83927834033966,False,Character Error Rate (%)
TemporalConvNet,1800.0,1,4000,character_error_rate,25.066018104553223,False,Character Error Rate (%)
TemporalConvNet,1800.0,2,4000,character_error_rate,29.89787757396698,False,Character Error Rate (%)
TemporalConvNet,1800.0,3,4000,character_error_rate,23.05808961391449,False,Character Error Rate (%)
TemporalConvNet,1800.0,4,4000,character_error_rate,23.93351644277572,False,Character Error Rate (%)
TemporalConvNet,1800.0,5,4000,character_error_rate,29.703140258789062,False,Character Error Rate (%)
ConvTemporalConvNet,1800.0,1,64,character_error_rate,83.7953269481659,False,Character Error Rate (%)
ConvTemporalConvNet,1800.0,2,64,character_error_rate,91.3945496082306,False,Character Error Rate (%)
ConvTemporalConvNet,1800.0,3,64,character_error_rate,85.77349185943604,False,Character Error Rate (%)
ConvTemporalConvNet,1800.0,4,64,character_error_rate,89.41465020179749,False,Character Error Rate (%)
ConvTemporalConvNet,1800.0,5,64,character_error_rate,69.49751377105713,False,Character Error Rate (%)
ConvTemporalConvNet,1800.0,1,176,character_error_rate,37.74240612983703,False,Character Error Rate (%)
ConvTemporalConvNet,1800.0,2,176,character_error_rate,40.323206782340996,False,Character Error Rate (%)
ConvTemporalConvNet,1800.0,3,176,character_error_rate,40.34189581871032,False,Character Error Rate (%)
ConvTemporalConvNet,1800.0,4,176,character_error_rate,53.920817375183105,False,Character Error Rate (%)
ConvTemporalConvNet,1800.0,5,176,character_error_rate,35.71085333824157,False,Character Error Rate (%)
ConvTemporalConvNet,1800.0,1,1000,character_error_rate,18.15088540315628,False,Character Error Rate (%)
ConvTemporalConvNet,1800.0,2,1000,character_error_rate,21.09214514493942,False,Character Error Rate (%)
ConvTemporalConvNet,1800.0,3,1000,character_error_rate,20.48007249832153,False,Character Error Rate (%)
ConvTemporalConvNet,1800.0,4,1000,character_error_rate,23.81258010864257,False,Character Error Rate (%)
ConvTemporalConvNet,1800.0,5,1000,character_error_rate,20.496055483818047,False,Character Error Rate (%)
ConvTemporalConvNet,1800.0,1,2000,character_error_rate,14.79384452104568,False,Character Error Rate (%)
ConvTemporalConvNet,1800.0,2,2000,character_error_rate,17.438264191150658,False,Character Error Rate (%)
ConvTemporalConvNet,1800.0,3,2000,character_error_rate,15.878123044967651,False,Character Error Rate (%)
ConvTemporalConvNet,1800.0,4,2000,character_error_rate,16.50107204914093,False,Character Error Rate (%)
ConvTemporalConvNet,1800.0,5,2000,character_error_rate,20.45421153306961,False,Character Error Rate (%)
ConvTemporalConvNet,1800.0,1,4000,character_error_rate,11.35916635394096,False,Character Error Rate (%)
ConvTemporalConvNet,1800.0,2,4000,character_error_rate,16.237568855285637,False,Character Error Rate (%)
ConvTemporalConvNet,1800.0,3,4000,character_error_rate,15.500357747077938,False,Character Error Rate (%)
ConvTemporalConvNet,1800.0,4,4000,character_error_rate,13.65924924612045,False,Character Error Rate (%)
ConvTemporalConvNet,1800.0,5,4000,character_error_rate,16.94121211767196,False,Character Error Rate (%)
TweetyNet,1800.0,1,64,character_error_rate_tfm,3.20069529116153,True,Character Error Rate (%)
TweetyNet,1800.0,2,64,character_error_rate_tfm,3.27756777405738,True,Character Error Rate (%)
TweetyNet,1800.0,3,64,character_error_rate_tfm,3.25652211904525,True,Character Error Rate (%)
TweetyNet,1800.0,4,64,character_error_rate_tfm,3.08348052203655,True,Character Error Rate (%)
TweetyNet,1800.0,5,64,character_error_rate_tfm,2.8067959472537,True,Character Error Rate (%)
TweetyNet,1800.0,1,176,character_error_rate_tfm,1.4132060110569,True,Character Error Rate (%)
TweetyNet,1800.0,2,176,character_error_rate_tfm,1.72562729567289,True,Character Error Rate (%)
TweetyNet,1800.0,3,176,character_error_rate_tfm,1.8436666578054401,True,Character Error Rate (%)
TweetyNet,1800.0,4,176,character_error_rate_tfm,2.10379753261804,True,Character Error Rate (%)
TweetyNet,1800.0,5,176,character_error_rate_tfm,2.02509704977273,True,Character Error Rate (%)
TweetyNet,1800.0,1,1000,character_error_rate_tfm,1.52548793703317,True,Character Error Rate (%)
TweetyNet,1800.0,2,1000,character_error_rate_tfm,2.19752490520477,True,Character Error Rate (%)
TweetyNet,1800.0,3,1000,character_error_rate_tfm,1.40847424045205,True,Character Error Rate (%)
TweetyNet,1800.0,4,1000,character_error_rate_tfm,1.72233860939741,True,Character Error Rate (%)
TweetyNet,1800.0,5,1000,character_error_rate_tfm,1.76151003688573,True,Character Error Rate (%)
TweetyNet,1800.0,1,2000,character_error_rate_tfm,1.39538366347551,True,Character Error Rate (%)
TweetyNet,1800.0,2,2000,character_error_rate_tfm,1.6457760706543902,True,Character Error Rate (%)
TweetyNet,1800.0,3,2000,character_error_rate_tfm,1.49435279890894,True,Character Error Rate (%)
TweetyNet,1800.0,4,2000,character_error_rate_tfm,1.6612563282251298,True,Character Error Rate (%)
TweetyNet,1800.0,5,2000,character_error_rate_tfm,1.77010428160429,True,Character Error Rate (%)
TweetyNet,1800.0,1,4000,character_error_rate_tfm,1.24891335144639,True,Character Error Rate (%)
TweetyNet,1800.0,2,4000,character_error_rate_tfm,1.41937164589762,True,Character Error Rate (%)
TweetyNet,1800.0,3,4000,character_error_rate_tfm,1.4686684124171698,True,Character Error Rate (%)
TweetyNet,1800.0,4,4000,character_error_rate_tfm,1.1753845959901799,True,Character Error Rate (%)
TweetyNet,1800.0,5,4000,character_error_rate_tfm,1.52761284261941,True,Character Error Rate (%)
TemporalConvNet,1800.0,1,64,character_error_rate_tfm,3.76114584505558,True,Character Error Rate (%)
TemporalConvNet,1800.0,2,64,character_error_rate_tfm,4.3017953634262005,True,Character Error Rate (%)
TemporalConvNet,1800.0,3,64,character_error_rate_tfm,4.053521528840061,True,Character Error Rate (%)
TemporalConvNet,1800.0,4,64,character_error_rate_tfm,5.26380687952041,True,Character Error Rate (%)
TemporalConvNet,1800.0,5,64,character_error_rate_tfm,5.76972067356109,True,Character Error Rate (%)
TemporalConvNet,1800.0,1,176,character_error_rate_tfm,3.4500014036893805,True,Character Error Rate (%)
TemporalConvNet,1800.0,2,176,character_error_rate_tfm,4.46636974811553,True,Character Error Rate (%)
TemporalConvNet,1800.0,3,176,character_error_rate_tfm,3.85608114302158,True,Character Error Rate (%)
TemporalConvNet,1800.0,4,176,character_error_rate_tfm,4.0868766605854,True,Character Error Rate (%)
TemporalConvNet,1800.0,5,176,character_error_rate_tfm,5.28098903596401,True,Character Error Rate (%)
TemporalConvNet,1800.0,1,1000,character_error_rate_tfm,2.06007100641727,True,Character Error Rate (%)
TemporalConvNet,1800.0,2,1000,character_error_rate_tfm,2.57543344050645,True,Character Error Rate (%)
TemporalConvNet,1800.0,3,1000,character_error_rate_tfm,2.68680844455957,True,Character Error Rate (%)
TemporalConvNet,1800.0,4,1000,character_error_rate_tfm,3.41165103018283,True,Character Error Rate (%)
TemporalConvNet,1800.0,5,1000,character_error_rate_tfm,3.2296381890773698,True,Character Error Rate (%)
TemporalConvNet,1800.0,1,2000,character_error_rate_tfm,2.1863110363483402,True,Character Error Rate (%)
TemporalConvNet,1800.0,2,2000,character_error_rate_tfm,2.5467611849308,True,Character Error Rate (%)
TemporalConvNet,1800.0,3,2000,character_error_rate_tfm,2.3892156779766,True,Character Error Rate (%)
TemporalConvNet,1800.0,4,2000,character_error_rate_tfm,2.55460161715745,True,Character Error Rate (%)
TemporalConvNet,1800.0,5,2000,character_error_rate_tfm,2.80867125838994,True,Character Error Rate (%)
TemporalConvNet,1800.0,1,4000,character_error_rate_tfm,2.48777531087398,True,Character Error Rate (%)
TemporalConvNet,1800.0,2,4000,character_error_rate_tfm,3.29997166991233,True,Character Error Rate (%)
TemporalConvNet,1800.0,3,4000,character_error_rate_tfm,2.32081711292266,True,Character Error Rate (%)
TemporalConvNet,1800.0,4,4000,character_error_rate_tfm,2.7649525552988,True,Character Error Rate (%)
TemporalConvNet,1800.0,5,4000,character_error_rate_tfm,3.4219428896903903,True,Character Error Rate (%)
ConvTemporalConvNet,1800.0,1,64,character_error_rate_tfm,3.47531586885452,True,Character Error Rate (%)
ConvTemporalConvNet,1800.0,2,64,character_error_rate_tfm,3.2780501991510302,True,Character Error Rate (%)
ConvTemporalConvNet,1800.0,3,64,character_error_rate_tfm,3.0008895322680402,True,Character Error Rate (%)
ConvTemporalConvNet,1800.0,4,64,character_error_rate_tfm,3.92808802425861,True,Character Error Rate (%)
ConvTemporalConvNet,1800.0,5,64,character_error_rate_tfm,2.63708494603633,True,Character Error Rate (%)
ConvTemporalConvNet,1800.0,1,176,character_error_rate_tfm,2.12361253798007,True,Character Error Rate (%)
ConvTemporalConvNet,1800.0,2,176,character_error_rate_tfm,3.25009599328041,True,Character Error Rate (%)
ConvTemporalConvNet,1800.0,3,176,character_error_rate_tfm,2.56058704107999,True,Character Error Rate (%)
ConvTemporalConvNet,1800.0,4,176,character_error_rate_tfm,2.70344149321317,True,Character Error Rate (%)
ConvTemporalConvNet,1800.0,5,176,character_error_rate_tfm,2.05062516033649,True,Character Error Rate (%)
ConvTemporalConvNet,1800.0,1,1000,character_error_rate_tfm,1.42828999087214,True,Character Error Rate (%)
ConvTemporalConvNet,1800.0,2,1000,character_error_rate_tfm,2.1574517711997,True,Character Error Rate (%)
ConvTemporalConvNet,1800.0,3,1000,character_error_rate_tfm,1.77337136119604,True,Character Error Rate (%)
ConvTemporalConvNet,1800.0,4,1000,character_error_rate_tfm,1.75436716526746,True,Character Error Rate (%)
ConvTemporalConvNet,1800.0,5,1000,character_error_rate_tfm,2.17888038605451,True,Character Error Rate (%)
ConvTemporalConvNet,1800.0,1,2000,character_error_rate_tfm,1.70203708112239,True,Character Error Rate (%)
ConvTemporalConvNet,1800.0,2,2000,character_error_rate_tfm,2.2369204089045502,True,Character Error Rate (%)
ConvTemporalConvNet,1800.0,3,2000,character_error_rate_tfm,1.72571130096912,True,Character Error Rate (%)
ConvTemporalConvNet,1800.0,4,2000,character_error_rate_tfm,1.53788765892386,True,Character Error Rate (%)
ConvTemporalConvNet,1800.0,5,2000,character_error_rate_tfm,2.63641495257616,True,Character Error Rate (%)
ConvTemporalConvNet,1800.0,1,4000,character_error_rate_tfm,1.3593784533441,True,Character Error Rate (%)
ConvTemporalConvNet,1800.0,2,4000,character_error_rate_tfm,1.7844183370471,True,Character Error Rate (%)
ConvTemporalConvNet,1800.0,3,4000,character_error_rate_tfm,1.57305374741554,True,Character Error Rate (%)
ConvTemporalConvNet,1800.0,4,4000,character_error_rate_tfm,1.78692042827606,True,Character Error Rate (%)
ConvTemporalConvNet,1800.0,5,4000,character_error_rate_tfm,2.09153089672327,True,Character Error Rate (%)
TweetyNet,1800.0,1,64,precision,78.51478457450867,False,Precision (%)
TweetyNet,1800.0,2,64,precision,80.11370897293091,False,Precision (%)
TweetyNet,1800.0,3,64,precision,78.37115526199341,False,Precision (%)
TweetyNet,1800.0,4,64,precision,77.16542482376099,False,Precision (%)
TweetyNet,1800.0,5,64,precision,79.1730284690857,False,Precision (%)
TweetyNet,1800.0,1,176,precision,89.15681838989258,False,Precision (%)
TweetyNet,1800.0,2,176,precision,87.71880865097046,False,Precision (%)
TweetyNet,1800.0,3,176,precision,88.44309449195862,False,Precision (%)
TweetyNet,1800.0,4,176,precision,85.95119118690491,False,Precision (%)
TweetyNet,1800.0,5,176,precision,87.98154592514038,False,Precision (%)
TweetyNet,1800.0,1,1000,precision,90.60521721839903,False,Precision (%)
TweetyNet,1800.0,2,1000,precision,87.44208216667175,False,Precision (%)
TweetyNet,1800.0,3,1000,precision,92.29047298431396,False,Precision (%)
TweetyNet,1800.0,4,1000,precision,87.54450678825378,False,Precision (%)
TweetyNet,1800.0,5,1000,precision,91.21013879776,False,Precision (%)
TweetyNet,1800.0,1,2000,precision,93.0871307849884,False,Precision (%)
TweetyNet,1800.0,2,2000,precision,92.1176254749298,False,Precision (%)
TweetyNet,1800.0,3,2000,precision,90.8213436603546,False,Precision (%)
TweetyNet,1800.0,4,2000,precision,91.02349281311037,False,Precision (%)
TweetyNet,1800.0,5,2000,precision,89.05611634254456,False,Precision (%)
TweetyNet,1800.0,1,4000,precision,91.8909788131714,False,Precision (%)
TweetyNet,1800.0,2,4000,precision,92.07266569137572,False,Precision (%)
TweetyNet,1800.0,3,4000,precision,92.35935807228088,False,Precision (%)
TweetyNet,1800.0,4,4000,precision,93.587726354599,False,Precision (%)
TweetyNet,1800.0,5,4000,precision,93.69008541107178,False,Precision (%)
TemporalConvNet,1800.0,1,64,precision,59.6265971660614,False,Precision (%)
TemporalConvNet,1800.0,2,64,precision,62.40764856338501,False,Precision (%)
TemporalConvNet,1800.0,3,64,precision,60.62631011009216,False,Precision (%)
TemporalConvNet,1800.0,4,64,precision,56.49170279502869,False,Precision (%)
TemporalConvNet,1800.0,5,64,precision,55.316078662872314,False,Precision (%)
TemporalConvNet,1800.0,1,176,precision,71.16982340812683,False,Precision (%)
TemporalConvNet,1800.0,2,176,precision,71.07078433036804,False,Precision (%)
TemporalConvNet,1800.0,3,176,precision,73.15501570701599,False,Precision (%)
TemporalConvNet,1800.0,4,176,precision,71.27434015274048,False,Precision (%)
TemporalConvNet,1800.0,5,176,precision,68.22358965873718,False,Precision (%)
TemporalConvNet,1800.0,1,1000,precision,84.26259160041809,False,Precision (%)
TemporalConvNet,1800.0,2,1000,precision,82.84227252006531,False,Precision (%)
TemporalConvNet,1800.0,3,1000,precision,83.95830392837524,False,Precision (%)
TemporalConvNet,1800.0,4,1000,precision,81.19977712631226,False,Precision (%)
TemporalConvNet,1800.0,5,1000,precision,81.57832026481628,False,Precision (%)
TemporalConvNet,1800.0,1,2000,precision,85.94577312469482,False,Precision (%)
TemporalConvNet,1800.0,2,2000,precision,84.84309911727905,False,Precision (%)
TemporalConvNet,1800.0,3,2000,precision,85.95898747444153,False,Precision (%)
TemporalConvNet,1800.0,4,2000,precision,85.35183072090149,False,Precision (%)
TemporalConvNet,1800.0,5,2000,precision,84.89787578582764,False,Precision (%)
TemporalConvNet,1800.0,1,4000,precision,86.41023635864258,False,Precision (%)
TemporalConvNet,1800.0,2,4000,precision,85.12324094772339,False,Precision (%)
TemporalConvNet,1800.0,3,4000,precision,87.23875880241394,False,Precision (%)
TemporalConvNet,1800.0,4,4000,precision,86.50763630867004,False,Precision (%)
TemporalConvNet,1800.0,5,4000,precision,85.72988510131836,False,Precision (%)
ConvTemporalConvNet,1800.0,1,64,precision,66.4175808429718,False,Precision (%)
ConvTemporalConvNet,1800.0,2,64,precision,65.83927869796753,False,Precision (%)
ConvTemporalConvNet,1800.0,3,64,precision,67.71184802055359,False,Precision (%)
ConvTemporalConvNet,1800.0,4,64,precision,63.354867696762085,False,Precision (%)
ConvTemporalConvNet,1800.0,5,64,precision,72.26722240447998,False,Precision (%)
ConvTemporalConvNet,1800.0,1,176,precision,81.08064532279968,False,Precision (%)
ConvTemporalConvNet,1800.0,2,176,precision,79.82337474822998,False,Precision (%)
ConvTemporalConvNet,1800.0,3,176,precision,78.8337230682373,False,Precision (%)
ConvTemporalConvNet,1800.0,4,176,precision,75.89340806007385,False,Precision (%)
ConvTemporalConvNet,1800.0,5,176,precision,82.21473097801208,False,Precision (%)
ConvTemporalConvNet,1800.0,1,1000,precision,88.29031586647034,False,Precision (%)
ConvTemporalConvNet,1800.0,2,1000,precision,87.45471239089966,False,Precision (%)
ConvTemporalConvNet,1800.0,3,1000,precision,87.35713362693787,False,Precision (%)
ConvTemporalConvNet,1800.0,4,1000,precision,86.11756563186646,False,Precision (%)
ConvTemporalConvNet,1800.0,5,1000,precision,87.55635023117065,False,Precision (%)
ConvTemporalConvNet,1800.0,1,2000,precision,89.5159363746643,False,Precision (%)
ConvTemporalConvNet,1800.0,2,2000,precision,88.29746842384338,False,Precision (%)
ConvTemporalConvNet,1800.0,3,2000,precision,88.88794779777527,False,Precision (%)
ConvTemporalConvNet,1800.0,4,2000,precision,89.06678557395935,False,Precision (%)
ConvTemporalConvNet,1800.0,5,2000,precision,86.40053272247314,False,Precision (%)
ConvTemporalConvNet,1800.0,1,4000,precision,90.3980016708374,False,Precision (%)
ConvTemporalConvNet,1800.0,2,4000,precision,89.77420926094055,False,Precision (%)
ConvTemporalConvNet,1800.0,3,4000,precision,89.45132493972778,False,Precision (%)
ConvTemporalConvNet,1800.0,4,4000,precision,90.32667875289916,False,Precision (%)
ConvTemporalConvNet,1800.0,5,4000,precision,88.72349262237549,False,Precision (%)
TweetyNet,1800.0,1,64,precision_tfm,92.65711307525636,True,Precision (%)
TweetyNet,1800.0,2,64,precision_tfm,92.60631203651428,True,Precision (%)
TweetyNet,1800.0,3,64,precision_tfm,91.75629019737244,True,Precision (%)
TweetyNet,1800.0,4,64,precision_tfm,92.28472709655762,True,Precision (%)
TweetyNet,1800.0,5,64,precision_tfm,93.04942488670348,True,Precision (%)
TweetyNet,1800.0,1,176,precision_tfm,95.41096687316896,True,Precision (%)
TweetyNet,1800.0,2,176,precision_tfm,94.14820671081544,True,Precision (%)
TweetyNet,1800.0,3,176,precision_tfm,95.0193464756012,True,Precision (%)
TweetyNet,1800.0,4,176,precision_tfm,94.02300119400024,True,Precision (%)
TweetyNet,1800.0,5,176,precision_tfm,94.3859040737152,True,Precision (%)
TweetyNet,1800.0,1,1000,precision_tfm,95.56493163108826,True,Precision (%)
TweetyNet,1800.0,2,1000,precision_tfm,93.52410435676576,True,Precision (%)
TweetyNet,1800.0,3,1000,precision_tfm,95.90948224067688,True,Precision (%)
TweetyNet,1800.0,4,1000,precision_tfm,92.88541674613951,True,Precision (%)
TweetyNet,1800.0,5,1000,precision_tfm,95.47811150550842,True,Precision (%)
TweetyNet,1800.0,1,2000,precision_tfm,95.7053542137146,True,Precision (%)
TweetyNet,1800.0,2,2000,precision_tfm,95.73306441307068,True,Precision (%)
TweetyNet,1800.0,3,2000,precision_tfm,95.19700407981871,True,Precision (%)
TweetyNet,1800.0,4,2000,precision_tfm,95.04256844520567,True,Precision (%)
TweetyNet,1800.0,5,2000,precision_tfm,94.94948387145996,True,Precision (%)
TweetyNet,1800.0,1,4000,precision_tfm,95.6546664237976,True,Precision (%)
TweetyNet,1800.0,2,4000,precision_tfm,95.3408420085907,True,Precision (%)
TweetyNet,1800.0,3,4000,precision_tfm,95.82329392433168,True,Precision (%)
TweetyNet,1800.0,4,4000,precision_tfm,95.97123861312866,True,Precision (%)
TweetyNet,1800.0,5,4000,precision_tfm,95.9463894367218,True,Precision (%)
TemporalConvNet,1800.0,1,64,precision_tfm,92.83170700073242,True,Precision (%)
TemporalConvNet,1800.0,2,64,precision_tfm,93.69571805000304,True,Precision (%)
TemporalConvNet,1800.0,3,64,precision_tfm,92.94816851615906,True,Precision (%)
TemporalConvNet,1800.0,4,64,precision_tfm,90.97775220870972,True,Precision (%)
TemporalConvNet,1800.0,5,64,precision_tfm,91.10909104347228,True,Precision (%)
TemporalConvNet,1800.0,1,176,precision_tfm,93.77598762512208,True,Precision (%)
TemporalConvNet,1800.0,2,176,precision_tfm,92.84390211105348,True,Precision (%)
TemporalConvNet,1800.0,3,176,precision_tfm,94.26308870315552,True,Precision (%)
TemporalConvNet,1800.0,4,176,precision_tfm,93.3001697063446,True,Precision (%)
TemporalConvNet,1800.0,5,176,precision_tfm,91.15896224975586,True,Precision (%)
TemporalConvNet,1800.0,1,1000,precision_tfm,95.50675749778748,True,Precision (%)
TemporalConvNet,1800.0,2,1000,precision_tfm,95.13404965400696,True,Precision (%)
TemporalConvNet,1800.0,3,1000,precision_tfm,94.96477842330931,True,Precision (%)
TemporalConvNet,1800.0,4,1000,precision_tfm,94.30993795394896,True,Precision (%)
TemporalConvNet,1800.0,5,1000,precision_tfm,94.75301504135132,True,Precision (%)
TemporalConvNet,1800.0,1,2000,precision_tfm,95.46256065368652,True,Precision (%)
TemporalConvNet,1800.0,2,2000,precision_tfm,95.52046656608582,True,Precision (%)
TemporalConvNet,1800.0,3,2000,precision_tfm,95.58747410774232,True,Precision (%)
TemporalConvNet,1800.0,4,2000,precision_tfm,95.5360472202301,True,Precision (%)
TemporalConvNet,1800.0,5,2000,precision_tfm,95.24060487747192,True,Precision (%)
TemporalConvNet,1800.0,1,4000,precision_tfm,95.54812908172609,True,Precision (%)
TemporalConvNet,1800.0,2,4000,precision_tfm,94.87152695655824,True,Precision (%)
TemporalConvNet,1800.0,3,4000,precision_tfm,95.7387149333954,True,Precision (%)
TemporalConvNet,1800.0,4,4000,precision_tfm,95.14001607894896,True,Precision (%)
TemporalConvNet,1800.0,5,4000,precision_tfm,94.70203518867491,True,Precision (%)
ConvTemporalConvNet,1800.0,1,64,precision_tfm,92.18674898147584,True,Precision (%)
ConvTemporalConvNet,1800.0,2,64,precision_tfm,93.04351210594176,True,Precision (%)
ConvTemporalConvNet,1800.0,3,64,precision_tfm,93.28938126564026,True,Precision (%)
ConvTemporalConvNet,1800.0,4,64,precision_tfm,88.7930691242218,True,Precision (%)
ConvTemporalConvNet,1800.0,5,64,precision_tfm,94.75921392440796,True,Precision (%)
ConvTemporalConvNet,1800.0,1,176,precision_tfm,95.17887234687804,True,Precision (%)
ConvTemporalConvNet,1800.0,2,176,precision_tfm,94.28750276565552,True,Precision (%)
ConvTemporalConvNet,1800.0,3,176,precision_tfm,93.429833650589,True,Precision (%)
ConvTemporalConvNet,1800.0,4,176,precision_tfm,94.4625973701477,True,Precision (%)
ConvTemporalConvNet,1800.0,5,176,precision_tfm,95.81394791603088,True,Precision (%)
ConvTemporalConvNet,1800.0,1,1000,precision_tfm,96.3344156742096,True,Precision (%)
ConvTemporalConvNet,1800.0,2,1000,precision_tfm,95.80870270729064,True,Precision (%)
ConvTemporalConvNet,1800.0,3,1000,precision_tfm,95.994234085083,True,Precision (%)
ConvTemporalConvNet,1800.0,4,1000,precision_tfm,96.02535963058472,True,Precision (%)
ConvTemporalConvNet,1800.0,5,1000,precision_tfm,95.82498669624327,True,Precision (%)
ConvTemporalConvNet,1800.0,1,2000,precision_tfm,96.24454975128174,True,Precision (%)
ConvTemporalConvNet,1800.0,2,2000,precision_tfm,95.63949704170228,True,Precision (%)
ConvTemporalConvNet,1800.0,3,2000,precision_tfm,96.08019590377808,True,Precision (%)
ConvTemporalConvNet,1800.0,4,2000,precision_tfm,96.29767537117004,True,Precision (%)
ConvTemporalConvNet,1800.0,5,2000,precision_tfm,94.27363872528076,True,Precision (%)
ConvTemporalConvNet,1800.0,1,4000,precision_tfm,95.48239707946776,True,Precision (%)
ConvTemporalConvNet,1800.0,2,4000,precision_tfm,96.19352221488951,True,Precision (%)
ConvTemporalConvNet,1800.0,3,4000,precision_tfm,96.48275375366212,True,Precision (%)
ConvTemporalConvNet,1800.0,4,4000,precision_tfm,96.22346758842468,True,Precision (%)
ConvTemporalConvNet,1800.0,5,4000,precision_tfm,95.4287588596344,True,Precision (%)
TweetyNet,1800.0,1,64,recall,94.64970231056212,False,Recall (%)
TweetyNet,1800.0,2,64,recall,95.20246982574464,False,Recall (%)
TweetyNet,1800.0,3,64,recall,93.51833462715148,False,Recall (%)
TweetyNet,1800.0,4,64,recall,94.15361285209656,False,Recall (%)
TweetyNet,1800.0,5,64,recall,94.88627314567566,False,Recall (%)
TweetyNet,1800.0,1,176,recall,96.15755081176758,False,Recall (%)
TweetyNet,1800.0,2,176,recall,95.11674642562866,False,Recall (%)
TweetyNet,1800.0,3,176,recall,96.39649391174316,False,Recall (%)
TweetyNet,1800.0,4,176,recall,95.29440999031068,False,Recall (%)
TweetyNet,1800.0,5,176,recall,95.57419419288637,False,Recall (%)
TweetyNet,1800.0,1,1000,recall,96.19455337524414,False,Recall (%)
TweetyNet,1800.0,2,1000,recall,94.0552532672882,False,Recall (%)
TweetyNet,1800.0,3,1000,recall,96.5093731880188,False,Recall (%)
TweetyNet,1800.0,4,1000,recall,93.59842538833618,False,Recall (%)
TweetyNet,1800.0,5,1000,recall,96.3254451751709,False,Recall (%)
TweetyNet,1800.0,1,2000,recall,96.1001753807068,False,Recall (%)
TweetyNet,1800.0,2,2000,recall,96.35988473892212,False,Recall (%)
TweetyNet,1800.0,3,2000,recall,95.8825945854187,False,Recall (%)
TweetyNet,1800.0,4,2000,recall,95.45661807060242,False,Recall (%)
TweetyNet,1800.0,5,2000,recall,96.02243304252625,False,Recall (%)
TweetyNet,1800.0,1,4000,recall,95.85312008857728,False,Recall (%)
TweetyNet,1800.0,2,4000,recall,95.56799530982973,False,Recall (%)
TweetyNet,1800.0,3,4000,recall,96.49229645729064,False,Recall (%)
TweetyNet,1800.0,4,4000,recall,96.28198742866516,False,Recall (%)
TweetyNet,1800.0,5,4000,recall,96.31228446960448,False,Recall (%)
TemporalConvNet,1800.0,1,64,recall,95.97891569137572,False,Recall (%)
TemporalConvNet,1800.0,2,64,recall,96.83326482772829,False,Recall (%)
TemporalConvNet,1800.0,3,64,recall,96.30165696144104,False,Recall (%)
TemporalConvNet,1800.0,4,64,recall,94.9528157711029,False,Recall (%)
TemporalConvNet,1800.0,5,64,recall,95.71831226348876,False,Recall (%)
TemporalConvNet,1800.0,1,176,recall,96.36770486831664,False,Recall (%)
TemporalConvNet,1800.0,2,176,recall,96.44933938980104,False,Recall (%)
TemporalConvNet,1800.0,3,176,recall,97.14221358299257,False,Recall (%)
TemporalConvNet,1800.0,4,176,recall,96.3287115097046,False,Recall (%)
TemporalConvNet,1800.0,5,176,recall,95.07898688316344,False,Recall (%)
TemporalConvNet,1800.0,1,1000,recall,96.91020846366882,False,Recall (%)
TemporalConvNet,1800.0,2,1000,recall,97.11182713508606,False,Recall (%)
TemporalConvNet,1800.0,3,1000,recall,96.74584269523619,False,Recall (%)
TemporalConvNet,1800.0,4,1000,recall,96.58355116844176,False,Recall (%)
TemporalConvNet,1800.0,5,1000,recall,96.83120846748352,False,Recall (%)
TemporalConvNet,1800.0,1,2000,recall,96.9703733921051,False,Recall (%)
TemporalConvNet,1800.0,2,2000,recall,97.32568860054016,False,Recall (%)
TemporalConvNet,1800.0,3,2000,recall,97.37130999565125,False,Recall (%)
TemporalConvNet,1800.0,4,2000,recall,97.26109504699708,False,Recall (%)
TemporalConvNet,1800.0,5,2000,recall,97.16536402702332,False,Recall (%)
TemporalConvNet,1800.0,1,4000,recall,97.07463979721068,False,Recall (%)
TemporalConvNet,1800.0,2,4000,recall,97.02245593070984,False,Recall (%)
TemporalConvNet,1800.0,3,4000,recall,97.21974730491638,False,Recall (%)
TemporalConvNet,1800.0,4,4000,recall,97.0421552658081,False,Recall (%)
TemporalConvNet,1800.0,5,4000,recall,96.76386713981628,False,Recall (%)
ConvTemporalConvNet,1800.0,1,64,recall,94.6712613105774,False,Recall (%)
ConvTemporalConvNet,1800.0,2,64,recall,94.98609304428099,False,Recall (%)
ConvTemporalConvNet,1800.0,3,64,recall,95.01076936721802,False,Recall (%)
ConvTemporalConvNet,1800.0,4,64,recall,91.46185517311096,False,Recall (%)
ConvTemporalConvNet,1800.0,5,64,recall,96.3680863380432,False,Recall (%)
ConvTemporalConvNet,1800.0,1,176,recall,96.5170919895172,False,Recall (%)
ConvTemporalConvNet,1800.0,2,176,recall,96.21353149414062,False,Recall (%)
ConvTemporalConvNet,1800.0,3,176,recall,95.21481990814208,False,Recall (%)
ConvTemporalConvNet,1800.0,4,176,recall,96.18613719940186,False,Recall (%)
ConvTemporalConvNet,1800.0,5,176,recall,97.08649516105652,False,Recall (%)
ConvTemporalConvNet,1800.0,1,1000,recall,97.17227816581726,False,Recall (%)
ConvTemporalConvNet,1800.0,2,1000,recall,97.2088098526001,False,Recall (%)
ConvTemporalConvNet,1800.0,3,1000,recall,96.94840908050536,False,Recall (%)
ConvTemporalConvNet,1800.0,4,1000,recall,97.1916913986206,False,Recall (%)
ConvTemporalConvNet,1800.0,5,1000,recall,97.12459444999696,False,Recall (%)
ConvTemporalConvNet,1800.0,1,2000,recall,97.01687097549438,False,Recall (%)
ConvTemporalConvNet,1800.0,2,2000,recall,96.74419164657591,False,Recall (%)
ConvTemporalConvNet,1800.0,3,2000,recall,97.07111120224,False,Recall (%)
ConvTemporalConvNet,1800.0,4,2000,recall,97.2253680229187,False,Recall (%)
ConvTemporalConvNet,1800.0,5,2000,recall,95.7108199596405,False,Recall (%)
ConvTemporalConvNet,1800.0,1,4000,recall,95.92762589454652,False,Recall (%)
ConvTemporalConvNet,1800.0,2,4000,recall,97.18408584594728,False,Recall (%)
ConvTemporalConvNet,1800.0,3,4000,recall,97.46318459510805,False,Recall (%)
ConvTemporalConvNet,1800.0,4,4000,recall,97.23761081695555,False,Recall (%)
ConvTemporalConvNet,1800.0,5,4000,recall,96.6070592403412,False,Recall (%)
TweetyNet,1800.0,1,64,recall_tfm,93.76074075698853,True,Recall (%)
TweetyNet,1800.0,2,64,recall_tfm,94.30089592933656,True,Recall (%)
TweetyNet,1800.0,3,64,recall_tfm,92.52930879592896,True,Recall (%)
TweetyNet,1800.0,4,64,recall_tfm,93.30663681030272,True,Recall (%)
TweetyNet,1800.0,5,64,recall_tfm,93.93796920776369,True,Recall (%)
TweetyNet,1800.0,1,176,recall_tfm,95.62857747077942,True,Recall (%)
TweetyNet,1800.0,2,176,recall_tfm,94.69223618507384,True,Recall (%)
TweetyNet,1800.0,3,176,recall_tfm,95.67972421646118,True,Recall (%)
TweetyNet,1800.0,4,176,recall_tfm,94.57719922065736,True,Recall (%)
TweetyNet,1800.0,5,176,recall_tfm,94.89030241966248,True,Recall (%)
TweetyNet,1800.0,1,1000,recall_tfm,95.72114944458008,True,Recall (%)
TweetyNet,1800.0,2,1000,recall_tfm,93.86072754859924,True,Recall (%)
TweetyNet,1800.0,3,1000,recall_tfm,96.06277942657472,True,Recall (%)
TweetyNet,1800.0,4,1000,recall_tfm,93.2241678237915,True,Recall (%)
TweetyNet,1800.0,5,1000,recall_tfm,95.90983986854552,True,Recall (%)
TweetyNet,1800.0,1,2000,recall_tfm,95.64781785011292,True,Recall (%)
TweetyNet,1800.0,2,2000,recall_tfm,95.83974480628969,True,Recall (%)
TweetyNet,1800.0,3,2000,recall_tfm,95.26784420013428,True,Recall (%)
TweetyNet,1800.0,4,2000,recall_tfm,95.09009718894958,True,Recall (%)
TweetyNet,1800.0,5,2000,recall_tfm,95.43543457984924,True,Recall (%)
TweetyNet,1800.0,1,4000,recall_tfm,95.5229640007019,True,Recall (%)
TweetyNet,1800.0,2,4000,recall_tfm,95.31607627868652,True,Recall (%)
TweetyNet,1800.0,3,4000,recall_tfm,96.07908129692078,True,Recall (%)
TweetyNet,1800.0,4,4000,recall_tfm,95.99114656448364,True,Recall (%)
TweetyNet,1800.0,5,4000,recall_tfm,95.96738815307616,True,Recall (%)
TemporalConvNet,1800.0,1,64,recall_tfm,94.68680024147034,True,Recall (%)
TemporalConvNet,1800.0,2,64,recall_tfm,95.68406343460084,True,Recall (%)
TemporalConvNet,1800.0,3,64,recall_tfm,95.00480890274048,True,Recall (%)
TemporalConvNet,1800.0,4,64,recall_tfm,93.65642070770264,True,Recall (%)
TemporalConvNet,1800.0,5,64,recall_tfm,94.42862272262572,True,Recall (%)
TemporalConvNet,1800.0,1,176,recall_tfm,95.29076218605042,True,Recall (%)
TemporalConvNet,1800.0,2,176,recall_tfm,95.51174640655518,True,Recall (%)
TemporalConvNet,1800.0,3,176,recall_tfm,96.31858468055724,True,Recall (%)
TemporalConvNet,1800.0,4,176,recall_tfm,95.21831274032591,True,Recall (%)
TemporalConvNet,1800.0,5,176,recall_tfm,93.855881690979,True,Recall (%)
TemporalConvNet,1800.0,1,1000,recall_tfm,96.3046371936798,True,Recall (%)
TemporalConvNet,1800.0,2,1000,recall_tfm,96.32319808006288,True,Recall (%)
TemporalConvNet,1800.0,3,1000,recall_tfm,96.06473445892334,True,Recall (%)
TemporalConvNet,1800.0,4,1000,recall_tfm,95.70594429969788,True,Recall (%)
TemporalConvNet,1800.0,5,1000,recall_tfm,96.01994156837465,True,Recall (%)
TemporalConvNet,1800.0,1,2000,recall_tfm,96.2909460067749,True,Recall (%)
TemporalConvNet,1800.0,2,2000,recall_tfm,96.592777967453,True,Recall (%)
TemporalConvNet,1800.0,3,2000,recall_tfm,96.63847088813782,True,Recall (%)
TemporalConvNet,1800.0,4,2000,recall_tfm,96.49643301963806,True,Recall (%)
TemporalConvNet,1800.0,5,2000,recall_tfm,96.42572999000548,True,Recall (%)
TemporalConvNet,1800.0,1,4000,recall_tfm,96.49002552032472,True,Recall (%)
TemporalConvNet,1800.0,2,4000,recall_tfm,96.35683298110962,True,Recall (%)
TemporalConvNet,1800.0,3,4000,recall_tfm,96.4698076248169,True,Recall (%)
TemporalConvNet,1800.0,4,4000,recall_tfm,96.2948441505432,True,Recall (%)
TemporalConvNet,1800.0,5,4000,recall_tfm,95.86575031280518,True,Recall (%)
ConvTemporalConvNet,1800.0,1,64,recall_tfm,93.88763904571532,True,Recall (%)
ConvTemporalConvNet,1800.0,2,64,recall_tfm,94.26878094673155,True,Recall (%)
ConvTemporalConvNet,1800.0,3,64,recall_tfm,94.10625100135805,True,Recall (%)
ConvTemporalConvNet,1800.0,4,64,recall_tfm,90.27059078216551,True,Recall (%)
ConvTemporalConvNet,1800.0,5,64,recall_tfm,95.44864892959596,True,Recall (%)
ConvTemporalConvNet,1800.0,1,176,recall_tfm,95.93662023544312,True,Recall (%)
ConvTemporalConvNet,1800.0,2,176,recall_tfm,95.55733799934389,True,Recall (%)
ConvTemporalConvNet,1800.0,3,176,recall_tfm,94.59837079048155,True,Recall (%)
ConvTemporalConvNet,1800.0,4,176,recall_tfm,95.71173191070555,True,Recall (%)
ConvTemporalConvNet,1800.0,5,176,recall_tfm,96.4521586894989,True,Recall (%)
ConvTemporalConvNet,1800.0,1,1000,recall_tfm,96.65088057518004,True,Recall (%)
ConvTemporalConvNet,1800.0,2,1000,recall_tfm,96.67488932609558,True,Recall (%)
ConvTemporalConvNet,1800.0,3,1000,recall_tfm,96.308696269989,True,Recall (%)
ConvTemporalConvNet,1800.0,4,1000,recall_tfm,96.77267670631407,True,Recall (%)
ConvTemporalConvNet,1800.0,5,1000,recall_tfm,96.53218388557434,True,Recall (%)
ConvTemporalConvNet,1800.0,1,2000,recall_tfm,96.43790125846864,True,Recall (%)
ConvTemporalConvNet,1800.0,2,2000,recall_tfm,96.17815613746644,True,Recall (%)
ConvTemporalConvNet,1800.0,3,2000,recall_tfm,96.40231728553772,True,Recall (%)
ConvTemporalConvNet,1800.0,4,2000,recall_tfm,96.47496938705444,True,Recall (%)
ConvTemporalConvNet,1800.0,5,2000,recall_tfm,95.37270665168762,True,Recall (%)
ConvTemporalConvNet,1800.0,1,4000,recall_tfm,95.56399583816528,True,Recall (%)
ConvTemporalConvNet,1800.0,2,4000,recall_tfm,96.856689453125,True,Recall (%)
ConvTemporalConvNet,1800.0,3,4000,recall_tfm,96.75808548927309,True,Recall (%)
ConvTemporalConvNet,1800.0,4,4000,recall_tfm,96.7284381389618,True,Recall (%)
ConvTemporalConvNet,1800.0,5,4000,recall_tfm,96.12722396850586,True,Recall (%)
TweetyNet,1800.0,1,64,fscore,85.42622923851013,False,$F$-score (%)
TweetyNet,1800.0,2,64,fscore,86.53897047042847,False,$F$-score (%)
TweetyNet,1800.0,3,64,fscore,84.91392135620117,False,$F$-score (%)
TweetyNet,1800.0,4,64,fscore,84.52115058898926,False,$F$-score (%)
TweetyNet,1800.0,5,64,fscore,85.91089248657227,False,$F$-score (%)
TweetyNet,1800.0,1,176,fscore,92.36772060394289,False,$F$-score (%)
TweetyNet,1800.0,2,176,fscore,91.10733270645142,False,$F$-score (%)
TweetyNet,1800.0,3,176,fscore,91.97556376457214,False,$F$-score (%)
TweetyNet,1800.0,4,176,fscore,90.07633328437804,False,$F$-score (%)
TweetyNet,1800.0,5,176,fscore,91.3809299468994,False,$F$-score (%)
TweetyNet,1800.0,1,1000,fscore,93.22066307067873,False,$F$-score (%)
TweetyNet,1800.0,2,1000,fscore,90.52714109420776,False,$F$-score (%)
TweetyNet,1800.0,3,1000,fscore,94.27970051765442,False,$F$-score (%)
TweetyNet,1800.0,4,1000,fscore,90.38163423538208,False,$F$-score (%)
TweetyNet,1800.0,5,1000,fscore,93.53624582290648,False,$F$-score (%)
TweetyNet,1800.0,1,2000,fscore,94.51000094413756,False,$F$-score (%)
TweetyNet,1800.0,2,2000,fscore,94.05854940414427,False,$F$-score (%)
TweetyNet,1800.0,3,2000,fscore,93.1437849998474,False,$F$-score (%)
TweetyNet,1800.0,4,2000,fscore,93.11783909797668,False,$F$-score (%)
TweetyNet,1800.0,5,2000,fscore,92.15393662452698,False,$F$-score (%)
TweetyNet,1800.0,1,4000,fscore,93.7483012676239,False,$F$-score (%)
TweetyNet,1800.0,2,4000,fscore,93.72352361679076,False,$F$-score (%)
TweetyNet,1800.0,3,4000,fscore,94.296795129776,False,$F$-score (%)
TweetyNet,1800.0,4,4000,fscore,94.88019943237303,False,$F$-score (%)
TweetyNet,1800.0,5,4000,fscore,94.9051320552826,False,$F$-score (%)
TemporalConvNet,1800.0,1,64,fscore,73.13772439956665,False,$F$-score (%)
TemporalConvNet,1800.0,2,64,fscore,75.31366348266602,False,$F$-score (%)
TemporalConvNet,1800.0,3,64,fscore,73.80064725875854,False,$F$-score (%)
TemporalConvNet,1800.0,4,64,fscore,70.23411393165588,False,$F$-score (%)
TemporalConvNet,1800.0,5,64,fscore,69.58969235420227,False,$F$-score (%)
TemporalConvNet,1800.0,1,176,fscore,81.4931571483612,False,$F$-score (%)
TemporalConvNet,1800.0,2,176,fscore,81.32526874542236,False,$F$-score (%)
TemporalConvNet,1800.0,3,176,fscore,83.01186561584473,False,$F$-score (%)
TemporalConvNet,1800.0,4,176,fscore,81.42473697662354,False,$F$-score (%)
TemporalConvNet,1800.0,5,176,fscore,78.892582654953,False,$F$-score (%)
TemporalConvNet,1800.0,1,1000,fscore,89.86197113990784,False,$F$-score (%)
TemporalConvNet,1800.0,2,1000,fscore,89.0285074710846,False,$F$-score (%)
TemporalConvNet,1800.0,3,1000,fscore,89.59365487098694,False,$F$-score (%)
TemporalConvNet,1800.0,4,1000,fscore,87.90804147720337,False,$F$-score (%)
TemporalConvNet,1800.0,5,1000,fscore,88.04486393928528,False,$F$-score (%)
TemporalConvNet,1800.0,1,2000,fscore,90.79812169075012,False,$F$-score (%)
TemporalConvNet,1800.0,2,2000,fscore,90.24556875228882,False,$F$-score (%)
TemporalConvNet,1800.0,3,2000,fscore,90.8974826335907,False,$F$-score (%)
TemporalConvNet,1800.0,4,2000,fscore,90.5518352985382,False,$F$-score (%)
TemporalConvNet,1800.0,5,2000,fscore,90.12887477874756,False,$F$-score (%)
TemporalConvNet,1800.0,1,4000,fscore,91.04154706001282,False,$F$-score (%)
TemporalConvNet,1800.0,2,4000,fscore,90.14768004417421,False,$F$-score (%)
TemporalConvNet,1800.0,3,4000,fscore,91.61475300788881,False,$F$-score (%)
TemporalConvNet,1800.0,4,4000,fscore,91.11063480377196,False,$F$-score (%)
TemporalConvNet,1800.0,5,4000,fscore,90.40768146514891,False,$F$-score (%)
ConvTemporalConvNet,1800.0,1,64,fscore,77.7238667011261,False,$F$-score (%)
ConvTemporalConvNet,1800.0,2,64,fscore,77.35176086425781,False,$F$-score (%)
ConvTemporalConvNet,1800.0,3,64,fscore,78.54623794555664,False,$F$-score (%)
ConvTemporalConvNet,1800.0,4,64,fscore,74.52185153961182,False,$F$-score (%)
ConvTemporalConvNet,1800.0,5,64,fscore,82.09108114242554,False,$F$-score (%)
ConvTemporalConvNet,1800.0,1,176,fscore,87.8730833530426,False,$F$-score (%)
ConvTemporalConvNet,1800.0,2,176,fscore,86.90473437309265,False,$F$-score (%)
ConvTemporalConvNet,1800.0,3,176,fscore,85.98429560661316,False,$F$-score (%)
ConvTemporalConvNet,1800.0,4,176,fscore,84.4055712223053,False,$F$-score (%)
ConvTemporalConvNet,1800.0,5,176,fscore,88.7274980545044,False,$F$-score (%)
ConvTemporalConvNet,1800.0,1,1000,fscore,92.39283800125122,False,$F$-score (%)
ConvTemporalConvNet,1800.0,2,1000,fscore,91.78881645202635,False,$F$-score (%)
ConvTemporalConvNet,1800.0,3,1000,fscore,91.6796088218689,False,$F$-score (%)
ConvTemporalConvNet,1800.0,4,1000,fscore,90.99999070167542,False,$F$-score (%)
ConvTemporalConvNet,1800.0,5,1000,fscore,91.84269905090332,False,$F$-score (%)
ConvTemporalConvNet,1800.0,1,2000,fscore,92.98285245895386,False,$F$-score (%)
ConvTemporalConvNet,1800.0,2,2000,fscore,92.14707016944884,False,$F$-score (%)
ConvTemporalConvNet,1800.0,3,2000,fscore,92.65477657318117,False,$F$-score (%)
ConvTemporalConvNet,1800.0,4,2000,fscore,92.78349876403807,False,$F$-score (%)
ConvTemporalConvNet,1800.0,5,2000,fscore,90.62041640281676,False,$F$-score (%)
ConvTemporalConvNet,1800.0,1,4000,fscore,92.98540353775024,False,$F$-score (%)
ConvTemporalConvNet,1800.0,2,4000,fscore,93.0553674697876,False,$F$-score (%)
ConvTemporalConvNet,1800.0,3,4000,fscore,93.12916994094847,False,$F$-score (%)
ConvTemporalConvNet,1800.0,4,4000,fscore,93.46234798431396,False,$F$-score (%)
ConvTemporalConvNet,1800.0,5,4000,fscore,92.23514199256896,False,$F$-score (%)
TweetyNet,1800.0,1,64,fscore_tfm,93.18593144416808,True,$F$-score (%)
TweetyNet,1800.0,2,64,fscore_tfm,93.41710209846495,True,$F$-score (%)
TweetyNet,1800.0,3,64,fscore_tfm,92.1211004257202,True,$F$-score (%)
TweetyNet,1800.0,4,64,fscore_tfm,92.7733302116394,True,$F$-score (%)
TweetyNet,1800.0,5,64,fscore_tfm,93.48184466362,True,$F$-score (%)
TweetyNet,1800.0,1,176,fscore_tfm,95.5133855342865,True,$F$-score (%)
TweetyNet,1800.0,2,176,fscore_tfm,94.4098949432373,True,$F$-score (%)
TweetyNet,1800.0,3,176,fscore_tfm,95.34142017364502,True,$F$-score (%)
TweetyNet,1800.0,4,176,fscore_tfm,94.28398609161376,True,$F$-score (%)
TweetyNet,1800.0,5,176,fscore_tfm,94.6219265460968,True,$F$-score (%)
TweetyNet,1800.0,1,1000,fscore_tfm,95.64072489738464,True,$F$-score (%)
TweetyNet,1800.0,2,1000,fscore_tfm,93.6823070049286,True,$F$-score (%)
TweetyNet,1800.0,3,1000,fscore_tfm,95.98292112350464,True,$F$-score (%)
TweetyNet,1800.0,4,1000,fscore_tfm,93.04661750793456,True,$F$-score (%)
TweetyNet,1800.0,5,1000,fscore_tfm,95.68272829055786,True,$F$-score (%)
TweetyNet,1800.0,1,2000,fscore_tfm,95.6726610660553,True,$F$-score (%)
TweetyNet,1800.0,2,2000,fscore_tfm,95.77797055244446,True,$F$-score (%)
TweetyNet,1800.0,3,2000,fscore_tfm,95.22746801376344,True,$F$-score (%)
TweetyNet,1800.0,4,2000,fscore_tfm,95.05783319473268,True,$F$-score (%)
TweetyNet,1800.0,5,2000,fscore_tfm,95.182603597641,True,$F$-score (%)
TweetyNet,1800.0,1,4000,fscore_tfm,95.58626413345335,True,$F$-score (%)
TweetyNet,1800.0,2,4000,fscore_tfm,95.32268047332764,True,$F$-score (%)
TweetyNet,1800.0,3,4000,fscore_tfm,95.94417810440063,True,$F$-score (%)
TweetyNet,1800.0,4,4000,fscore_tfm,95.97761631011964,True,$F$-score (%)
TweetyNet,1800.0,5,4000,fscore_tfm,95.9504246711731,True,$F$-score (%)
TemporalConvNet,1800.0,1,64,fscore_tfm,93.7232255935669,True,$F$-score (%)
TemporalConvNet,1800.0,2,64,fscore_tfm,94.64176893234252,True,$F$-score (%)
TemporalConvNet,1800.0,3,64,fscore_tfm,93.94055008888243,True,$F$-score (%)
TemporalConvNet,1800.0,4,64,fscore_tfm,92.25146174430849,True,$F$-score (%)
TemporalConvNet,1800.0,5,64,fscore_tfm,92.68061518669128,True,$F$-score (%)
TemporalConvNet,1800.0,1,176,fscore_tfm,94.5026397705078,True,$F$-score (%)
TemporalConvNet,1800.0,2,176,fscore_tfm,94.0962553024292,True,$F$-score (%)
TemporalConvNet,1800.0,3,176,fscore_tfm,95.25787830352785,True,$F$-score (%)
TemporalConvNet,1800.0,4,176,fscore_tfm,94.22121644020079,True,$F$-score (%)
TemporalConvNet,1800.0,5,176,fscore_tfm,92.41076111793518,True,$F$-score (%)
TemporalConvNet,1800.0,1,1000,fscore_tfm,95.89763879776,True,$F$-score (%)
TemporalConvNet,1800.0,2,1000,fscore_tfm,95.70916891098022,True,$F$-score (%)
TemporalConvNet,1800.0,3,1000,fscore_tfm,95.4901158809662,True,$F$-score (%)
TemporalConvNet,1800.0,4,1000,fscore_tfm,94.98276710510254,True,$F$-score (%)
TemporalConvNet,1800.0,5,1000,fscore_tfm,95.34106254577635,True,$F$-score (%)
TemporalConvNet,1800.0,1,2000,fscore_tfm,95.86021304130554,True,$F$-score (%)
TemporalConvNet,1800.0,2,2000,fscore_tfm,96.04318737983704,True,$F$-score (%)
TemporalConvNet,1800.0,3,2000,fscore_tfm,96.0950493812561,True,$F$-score (%)
TemporalConvNet,1800.0,4,2000,fscore_tfm,95.99376320838928,True,$F$-score (%)
TemporalConvNet,1800.0,5,2000,fscore_tfm,95.78474760055542,True,$F$-score (%)
TemporalConvNet,1800.0,1,4000,fscore_tfm,95.99573016166688,True,$F$-score (%)
TemporalConvNet,1800.0,2,4000,fscore_tfm,95.5683708190918,True,$F$-score (%)
TemporalConvNet,1800.0,3,4000,fscore_tfm,96.08632922172546,True,$F$-score (%)
TemporalConvNet,1800.0,4,4000,fscore_tfm,95.68755626678468,True,$F$-score (%)
TemporalConvNet,1800.0,5,4000,fscore_tfm,95.22964358329772,True,$F$-score (%)
ConvTemporalConvNet,1800.0,1,64,fscore_tfm,93.01051497459412,True,$F$-score (%)
ConvTemporalConvNet,1800.0,2,64,fscore_tfm,93.62199306488036,True,$F$-score (%)
ConvTemporalConvNet,1800.0,3,64,fscore_tfm,93.68351101875304,True,$F$-score (%)
ConvTemporalConvNet,1800.0,4,64,fscore_tfm,89.50802087783813,True,$F$-score (%)
ConvTemporalConvNet,1800.0,5,64,fscore_tfm,95.08777856826782,True,$F$-score (%)
ConvTemporalConvNet,1800.0,1,176,fscore_tfm,95.5489695072174,True,$F$-score (%)
ConvTemporalConvNet,1800.0,2,176,fscore_tfm,94.88441944122314,True,$F$-score (%)
ConvTemporalConvNet,1800.0,3,176,fscore_tfm,93.99823546409608,True,$F$-score (%)
ConvTemporalConvNet,1800.0,4,176,fscore_tfm,95.05922198295592,True,$F$-score (%)
ConvTemporalConvNet,1800.0,5,176,fscore_tfm,96.11732363700868,True,$F$-score (%)
ConvTemporalConvNet,1800.0,1,1000,fscore_tfm,96.48873209953308,True,$F$-score (%)
ConvTemporalConvNet,1800.0,2,1000,fscore_tfm,96.20846509933472,True,$F$-score (%)
ConvTemporalConvNet,1800.0,3,1000,fscore_tfm,96.14375829696657,True,$F$-score (%)
ConvTemporalConvNet,1800.0,4,1000,fscore_tfm,96.38551473617554,True,$F$-score (%)
ConvTemporalConvNet,1800.0,5,1000,fscore_tfm,96.16593718528748,True,$F$-score (%)
ConvTemporalConvNet,1800.0,1,2000,fscore_tfm,96.3302493095398,True,$F$-score (%)
ConvTemporalConvNet,1800.0,2,2000,fscore_tfm,95.89440822601318,True,$F$-score (%)
ConvTemporalConvNet,1800.0,3,2000,fscore_tfm,96.23403549194336,True,$F$-score (%)
ConvTemporalConvNet,1800.0,4,2000,fscore_tfm,96.3745892047882,True,$F$-score (%)
ConvTemporalConvNet,1800.0,5,2000,fscore_tfm,94.79576349258424,True,$F$-score (%)
ConvTemporalConvNet,1800.0,1,4000,fscore_tfm,95.51921486854552,True,$F$-score (%)
ConvTemporalConvNet,1800.0,2,4000,fscore_tfm,96.50667309761049,True,$F$-score (%)
ConvTemporalConvNet,1800.0,3,4000,fscore_tfm,96.61383628845216,True,$F$-score (%)
ConvTemporalConvNet,1800.0,4,4000,fscore_tfm,96.46320939064026,True,$F$-score (%)
ConvTemporalConvNet,1800.0,5,4000,fscore_tfm,95.75983285903932,True,$F$-score (%)
TweetyNet,1800.0,1,64,frame_error,2.4952888488769642,False,Frame Error (%)
TweetyNet,1800.0,2,64,frame_error,2.2754013538360596,False,Frame Error (%)
TweetyNet,1800.0,3,64,frame_error,2.7133524417877197,False,Frame Error (%)
TweetyNet,1800.0,4,64,frame_error,2.6768386363983154,False,Frame Error (%)
TweetyNet,1800.0,5,64,frame_error,2.4876534938812367,False,Frame Error (%)
TweetyNet,1800.0,1,176,frame_error,1.812613010406483,False,Frame Error (%)
TweetyNet,1800.0,2,176,frame_error,1.9143104553222767,False,Frame Error (%)
TweetyNet,1800.0,3,176,frame_error,1.7193377017974854,False,Frame Error (%)
TweetyNet,1800.0,4,176,frame_error,1.8864154815673828,False,Frame Error (%)
TweetyNet,1800.0,5,176,frame_error,1.8296599388122559,False,Frame Error (%)
TweetyNet,1800.0,1,1000,frame_error,1.6778290271759033,False,Frame Error (%)
TweetyNet,1800.0,2,1000,frame_error,2.145874500274658,False,Frame Error (%)
TweetyNet,1800.0,3,1000,frame_error,1.5588879585266002,False,Frame Error (%)
TweetyNet,1800.0,4,1000,frame_error,1.9097030162811168,False,Frame Error (%)
TweetyNet,1800.0,5,1000,frame_error,1.713031530380238,False,Frame Error (%)
TweetyNet,1800.0,1,2000,frame_error,1.5477955341339222,False,Frame Error (%)
TweetyNet,1800.0,2,2000,frame_error,1.5596270561218373,False,Frame Error (%)
TweetyNet,1800.0,3,2000,frame_error,1.6612052917480358,False,Frame Error (%)
TweetyNet,1800.0,4,2000,frame_error,1.6537427902221569,False,Frame Error (%)
TweetyNet,1800.0,5,2000,frame_error,1.8036246299743652,False,Frame Error (%)
TweetyNet,1800.0,1,4000,frame_error,1.6284942626953236,False,Frame Error (%)
TweetyNet,1800.0,2,4000,frame_error,1.6314387321472168,False,Frame Error (%)
TweetyNet,1800.0,3,4000,frame_error,1.5389084815979004,False,Frame Error (%)
TweetyNet,1800.0,4,4000,frame_error,1.5614092350005992,False,Frame Error (%)
TweetyNet,1800.0,5,4000,frame_error,1.5775501728057972,False,Frame Error (%)
TemporalConvNet,1800.0,1,64,frame_error,3.510725498199463,False,Frame Error (%)
TemporalConvNet,1800.0,2,64,frame_error,3.2386183738708385,False,Frame Error (%)
TemporalConvNet,1800.0,3,64,frame_error,3.3690810203552246,False,Frame Error (%)
TemporalConvNet,1800.0,4,64,frame_error,3.90281081199646,False,Frame Error (%)
TemporalConvNet,1800.0,5,64,frame_error,4.10311222076416,False,Frame Error (%)
TemporalConvNet,1800.0,1,176,frame_error,2.5735974311828613,False,Frame Error (%)
TemporalConvNet,1800.0,2,176,frame_error,2.670961618423462,False,Frame Error (%)
TemporalConvNet,1800.0,3,176,frame_error,2.4333715438842773,False,Frame Error (%)
TemporalConvNet,1800.0,4,176,frame_error,2.6967108249664418,False,Frame Error (%)
TemporalConvNet,1800.0,5,176,frame_error,2.921396493911743,False,Frame Error (%)
TemporalConvNet,1800.0,1,1000,frame_error,1.7794311046600453,False,Frame Error (%)
TemporalConvNet,1800.0,2,1000,frame_error,1.8291294574737549,False,Frame Error (%)
TemporalConvNet,1800.0,3,1000,frame_error,1.8828749656677246,False,Frame Error (%)
TemporalConvNet,1800.0,4,1000,frame_error,2.0480573177337646,False,Frame Error (%)
TemporalConvNet,1800.0,5,1000,frame_error,1.980900764465321,False,Frame Error (%)
TemporalConvNet,1800.0,1,2000,frame_error,1.7674803733825573,False,Frame Error (%)
TemporalConvNet,1800.0,2,2000,frame_error,1.777327060699463,False,Frame Error (%)
TemporalConvNet,1800.0,3,2000,frame_error,1.7086505889892578,False,Frame Error (%)
TemporalConvNet,1800.0,4,2000,frame_error,1.778477430343639,False,Frame Error (%)
TemporalConvNet,1800.0,5,2000,frame_error,1.7943799495697021,False,Frame Error (%)
TemporalConvNet,1800.0,1,4000,frame_error,1.7021536827087402,False,Frame Error (%)
TemporalConvNet,1800.0,2,4000,frame_error,1.7470121383666992,False,Frame Error (%)
TemporalConvNet,1800.0,3,4000,frame_error,1.7377376556396373,False,Frame Error (%)
TemporalConvNet,1800.0,4,4000,frame_error,1.728224754333496,False,Frame Error (%)
TemporalConvNet,1800.0,5,4000,frame_error,1.8645882606506348,False,Frame Error (%)
ConvTemporalConvNet,1800.0,1,64,frame_error,3.046673536300659,False,Frame Error (%)
ConvTemporalConvNet,1800.0,2,64,frame_error,3.3310353755950817,False,Frame Error (%)
ConvTemporalConvNet,1800.0,3,64,frame_error,2.8637945652007946,False,Frame Error (%)
ConvTemporalConvNet,1800.0,4,64,frame_error,3.2872974872589222,False,Frame Error (%)
ConvTemporalConvNet,1800.0,5,64,frame_error,2.4035215377807617,False,Frame Error (%)
ConvTemporalConvNet,1800.0,1,176,frame_error,1.9613206386566162,False,Frame Error (%)
ConvTemporalConvNet,1800.0,2,176,frame_error,2.064126729965199,False,Frame Error (%)
ConvTemporalConvNet,1800.0,3,176,frame_error,2.2599339485168346,False,Frame Error (%)
ConvTemporalConvNet,1800.0,4,176,frame_error,2.4543523788452037,False,Frame Error (%)
ConvTemporalConvNet,1800.0,5,176,frame_error,1.9043326377868763,False,Frame Error (%)
ConvTemporalConvNet,1800.0,1,1000,frame_error,1.5161573886871227,False,Frame Error (%)
ConvTemporalConvNet,1800.0,2,1000,frame_error,1.6447186470031627,False,Frame Error (%)
ConvTemporalConvNet,1800.0,3,1000,frame_error,1.580679416656483,False,Frame Error (%)
ConvTemporalConvNet,1800.0,4,1000,frame_error,1.6007781028747559,False,Frame Error (%)
ConvTemporalConvNet,1800.0,5,1000,frame_error,1.6209423542022816,False,Frame Error (%)
ConvTemporalConvNet,1800.0,1,2000,frame_error,1.5230298042297363,False,Frame Error (%)
ConvTemporalConvNet,1800.0,2,2000,frame_error,1.6882598400115967,False,Frame Error (%)
ConvTemporalConvNet,1800.0,3,2000,frame_error,1.5762805938720814,False,Frame Error (%)
ConvTemporalConvNet,1800.0,4,2000,frame_error,1.5003085136413574,False,Frame Error (%)
ConvTemporalConvNet,1800.0,5,2000,frame_error,1.8792510032653809,False,Frame Error (%)
ConvTemporalConvNet,1800.0,1,4000,frame_error,1.6120433807373047,False,Frame Error (%)
ConvTemporalConvNet,1800.0,2,4000,frame_error,1.5700697898864746,False,Frame Error (%)
ConvTemporalConvNet,1800.0,3,4000,frame_error,1.4597117900848389,False,Frame Error (%)
ConvTemporalConvNet,1800.0,4,4000,frame_error,1.4920175075531006,False,Frame Error (%)
ConvTemporalConvNet,1800.0,5,4000,frame_error,1.647043228149403,False,Frame Error (%)
TweetyNet,1800.0,1,64,frame_error_tfm,2.1418750286102406,True,Frame Error (%)
TweetyNet,1800.0,2,64,frame_error_tfm,1.9811153411865234,True,Frame Error (%)
TweetyNet,1800.0,3,64,frame_error_tfm,2.3602068424224854,True,Frame Error (%)
TweetyNet,1800.0,4,64,frame_error_tfm,2.219933271408081,True,Frame Error (%)
TweetyNet,1800.0,5,64,frame_error_tfm,2.1545648574829213,True,Frame Error (%)
TweetyNet,1800.0,1,176,frame_error_tfm,1.713109016418457,True,Frame Error (%)
TweetyNet,1800.0,2,176,frame_error_tfm,1.759171485900879,True,Frame Error (%)
TweetyNet,1800.0,3,176,frame_error_tfm,1.659899950027477,True,Frame Error (%)
TweetyNet,1800.0,4,176,frame_error_tfm,1.7791271209716797,True,Frame Error (%)
TweetyNet,1800.0,5,176,frame_error_tfm,1.7657995223999023,True,Frame Error (%)
TweetyNet,1800.0,1,1000,frame_error_tfm,1.6585886478423961,True,Frame Error (%)
TweetyNet,1800.0,2,1000,frame_error_tfm,2.043551206588756,True,Frame Error (%)
TweetyNet,1800.0,3,1000,frame_error_tfm,1.5739560127258412,True,Frame Error (%)
TweetyNet,1800.0,4,1000,frame_error_tfm,1.8745064735412598,True,Frame Error (%)
TweetyNet,1800.0,5,1000,frame_error_tfm,1.680433750152599,True,Frame Error (%)
TweetyNet,1800.0,1,2000,frame_error_tfm,1.5934944152832031,True,Frame Error (%)
TweetyNet,1800.0,2,2000,frame_error_tfm,1.609206199645996,True,Frame Error (%)
TweetyNet,1800.0,3,2000,frame_error_tfm,1.6796529293060414,True,Frame Error (%)
TweetyNet,1800.0,4,2000,frame_error_tfm,1.7005562782287598,True,Frame Error (%)
TweetyNet,1800.0,5,2000,frame_error_tfm,1.7441034317016602,True,Frame Error (%)
TweetyNet,1800.0,1,4000,frame_error_tfm,1.6286730766296387,True,Frame Error (%)
TweetyNet,1800.0,2,4000,frame_error_tfm,1.650238037109375,True,Frame Error (%)
TweetyNet,1800.0,3,4000,frame_error_tfm,1.5577137470245361,True,Frame Error (%)
TweetyNet,1800.0,4,4000,frame_error_tfm,1.580679416656483,True,Frame Error (%)
TweetyNet,1800.0,5,4000,frame_error_tfm,1.635366678237915,True,Frame Error (%)
TemporalConvNet,1800.0,1,64,frame_error_tfm,2.147763967514038,True,Frame Error (%)
TemporalConvNet,1800.0,2,64,frame_error_tfm,2.1100103855133168,True,Frame Error (%)
TemporalConvNet,1800.0,3,64,frame_error_tfm,2.0915567874908447,True,Frame Error (%)
TemporalConvNet,1800.0,4,64,frame_error_tfm,2.4071335792541615,True,Frame Error (%)
TemporalConvNet,1800.0,5,64,frame_error_tfm,2.426081895828236,True,Frame Error (%)
TemporalConvNet,1800.0,1,176,frame_error_tfm,1.8724620342254639,True,Frame Error (%)
TemporalConvNet,1800.0,2,176,frame_error_tfm,1.9502818584442028,True,Frame Error (%)
TemporalConvNet,1800.0,3,176,frame_error_tfm,1.839113235473644,True,Frame Error (%)
TemporalConvNet,1800.0,4,176,frame_error_tfm,2.014213800430298,True,Frame Error (%)
TemporalConvNet,1800.0,5,176,frame_error_tfm,2.177172899246216,True,Frame Error (%)
TemporalConvNet,1800.0,1,1000,frame_error_tfm,1.5543699264526367,True,Frame Error (%)
TemporalConvNet,1800.0,2,1000,frame_error_tfm,1.5730321407318004,True,Frame Error (%)
TemporalConvNet,1800.0,3,1000,frame_error_tfm,1.6949474811553955,True,Frame Error (%)
TemporalConvNet,1800.0,4,1000,frame_error_tfm,1.8107712268829235,True,Frame Error (%)
TemporalConvNet,1800.0,5,1000,frame_error_tfm,1.7107844352722168,True,Frame Error (%)
TemporalConvNet,1800.0,1,2000,frame_error_tfm,1.5751361846923828,True,Frame Error (%)
TemporalConvNet,1800.0,2,2000,frame_error_tfm,1.566636562347401,True,Frame Error (%)
TemporalConvNet,1800.0,3,2000,frame_error_tfm,1.5363276004791149,True,Frame Error (%)
TemporalConvNet,1800.0,4,2000,frame_error_tfm,1.6278088092803955,True,Frame Error (%)
TemporalConvNet,1800.0,5,2000,frame_error_tfm,1.577216386795044,True,Frame Error (%)
TemporalConvNet,1800.0,1,4000,frame_error_tfm,1.588207483291637,True,Frame Error (%)
TemporalConvNet,1800.0,2,4000,frame_error_tfm,1.615417003631603,True,Frame Error (%)
TemporalConvNet,1800.0,3,4000,frame_error_tfm,1.6228139400482178,True,Frame Error (%)
TemporalConvNet,1800.0,4,4000,frame_error_tfm,1.5853285789489635,True,Frame Error (%)
TemporalConvNet,1800.0,5,4000,frame_error_tfm,1.7424583435058594,True,Frame Error (%)
ConvTemporalConvNet,1800.0,1,64,frame_error_tfm,1.9740700721740834,True,Frame Error (%)
ConvTemporalConvNet,1800.0,2,64,frame_error_tfm,2.191418409347523,True,Frame Error (%)
ConvTemporalConvNet,1800.0,3,64,frame_error_tfm,2.052795886993397,True,Frame Error (%)
ConvTemporalConvNet,1800.0,4,64,frame_error_tfm,2.283310890197765,True,Frame Error (%)
ConvTemporalConvNet,1800.0,5,64,frame_error_tfm,1.765221357345581,True,Frame Error (%)
ConvTemporalConvNet,1800.0,1,176,frame_error_tfm,1.6230583190917969,True,Frame Error (%)
ConvTemporalConvNet,1800.0,2,176,frame_error_tfm,1.7826259136199951,True,Frame Error (%)
ConvTemporalConvNet,1800.0,3,176,frame_error_tfm,1.8069267272949219,True,Frame Error (%)
ConvTemporalConvNet,1800.0,4,176,frame_error_tfm,1.8435299396514782,True,Frame Error (%)
ConvTemporalConvNet,1800.0,5,176,frame_error_tfm,1.5682816505432018,True,Frame Error (%)
ConvTemporalConvNet,1800.0,1,1000,frame_error_tfm,1.3752222061157227,True,Frame Error (%)
ConvTemporalConvNet,1800.0,2,1000,frame_error_tfm,1.5073955059051625,True,Frame Error (%)
ConvTemporalConvNet,1800.0,3,1000,frame_error_tfm,1.5037119388580433,True,Frame Error (%)
ConvTemporalConvNet,1800.0,4,1000,frame_error_tfm,1.420164108276356,True,Frame Error (%)
ConvTemporalConvNet,1800.0,5,1000,frame_error_tfm,1.487344503402721,True,Frame Error (%)
ConvTemporalConvNet,1800.0,1,2000,frame_error_tfm,1.4630556106567383,True,Frame Error (%)
ConvTemporalConvNet,1800.0,2,2000,frame_error_tfm,1.6230881214141846,True,Frame Error (%)
ConvTemporalConvNet,1800.0,3,2000,frame_error_tfm,1.5149354934692383,True,Frame Error (%)
ConvTemporalConvNet,1800.0,4,2000,frame_error_tfm,1.4516651630401611,True,Frame Error (%)
ConvTemporalConvNet,1800.0,5,2000,frame_error_tfm,1.7103850841522217,True,Frame Error (%)
ConvTemporalConvNet,1800.0,1,4000,frame_error_tfm,1.548457145690918,True,Frame Error (%)
ConvTemporalConvNet,1800.0,2,4000,frame_error_tfm,1.4751195907592773,True,Frame Error (%)
ConvTemporalConvNet,1800.0,3,4000,frame_error_tfm,1.4155328273773193,True,Frame Error (%)
ConvTemporalConvNet,1800.0,4,4000,frame_error_tfm,1.4663934707641602,True,Frame Error (%)
ConvTemporalConvNet,1800.0,5,4000,frame_error_tfm,1.5447378158569225,True,Frame Error (%)
